t,slot,pop,mean_gen,max_gen,families,distinct,effective,leader,leader_text,leader_share,mutant_share,depth,words,world,overlap,sense
0,eat,24,0.0,0,24,5,4.88135593220339,eat:0,No preference.,0.25,0.0,0.0,5.291666666666667,1.0,0.028529839883551674,1.0
0,flee,24,0.0,0,24,5,4.43076923076923,flee:2,Flee only when a predator is very close.,0.2916666666666667,0.0,0.0,6.375,1.0,0.018535127055306428,1.0
0,follow,24,0.0,0,24,5,3.5555555555555554,follow:3,Keep your distance from other animals.,0.375,0.0,0.0,5.25,1.0,0.07278582930756844,1.0
0,wander,24,0.0,0,24,5,4.173913043478261,wander:4,Roam far when food is scarce.,0.3333333333333333,0.0,0.0,6.083333333333333,1.0,0.0136986301369863,1.0
0,rest,24,0.0,0,24,5,3.84,rest:4,Save energy by resting when food is far.,0.375,0.0,0.0,5.583333333333333,1.0,0.011737089201877934,0.7083333333333334
0,mate,24,0.0,0,24,5,3.6455696202531644,mate:3,Mate only when food is plentiful.,0.4166666666666667,0.0,0.0,5.708333333333333,1.0,0.02323991797676008,1.0
0,attack,24,0.0,0,24,5,4.056338028169014,attack:2,Attack weaker animals when you are hungry.,0.3333333333333333,0.0,0.0,5.5,1.0,0.055299539170506916,1.0
0,risk,24,0.0,0,24,5,4.8,risk:0,No particular temperament.,0.25,0.0,0.0,5.458333333333333,1.0,0.013706140350877192,0.75
0,social,24,0.0,0,24,5,4.721311475409836,social:3,Curious about other animals.,0.25,0.0,0.0,4.791666666666667,1.0,0.0,0.8333333333333334
0,place,24,0.0,0,24,5,4.114285714285715,place:3,Attached to familiar places.,0.375,0.0,0.0,5.0,1.0,0.0,0.8333333333333334
500,eat,10,1.0,2,8,4,2.9411764705882346,eat:0,No preference.,0.4,0.1,0.1,4.0,1.0,0.024242424242424242,1.0
500,flee,10,1.0,2,8,3,2.173913043478261,flee:4,Run away from anything that attacks you.,0.6,0.0,0.0,7.2,1.0,0.05925925925925926,1.0
500,follow,10,1.0,2,8,3,2.380952380952381,follow:1,Stay close to other animals.,0.5,0.0,0.0,5.7,1.0,0.13793103448275862,1.0
500,wander,10,1.0,2,8,3,2.6315789473684212,wander:1,Keep moving to new places.,0.5,0.0,0.0,4.7,1.0,0.0,1.0
500,rest,10,1.0,2,8,4,2.380952380952381,rest:4,Save energy by resting when food is far.,0.6,0.0,0.0,6.5,1.0,0.0,0.8
500,mate,10,1.0,2,8,2,1.2195121951219512,mate:3,Mate only when food is plentiful.,0.9,0.0,0.0,6.0,1.0,0.0,1.0
500,attack,10,1.0,2,8,2,1.4705882352941173,attack:2,Attack weaker animals when you are hungry.,0.8,0.0,0.0,6.8,1.0,0.16666666666666666,1.0
500,risk,10,1.0,2,8,3,2.380952380952381,risk:3,Nervous: any movement nearby means danger.,0.5,0.0,0.0,4.7,1.0,0.0,0.6
500,social,10,1.0,2,8,2,1.2195121951219512,social:4,"Wary of strangers, friendly to companions.",0.9,0.0,0.0,5.9,1.0,0.0,1.0
500,place,10,1.0,2,8,2,1.7241379310344829,place:3,Attached to familiar places.,0.7,0.0,0.0,3.7,1.0,0.0,0.7
1000,eat,13,2.3846153846153846,5,8,4,3.0727272727272728,eat:0,No preference.,0.38461538461538464,0.0,0.0,4.3076923076923075,1.0,0.023391812865497075,1.0
1000,flee,13,2.3846153846153846,5,8,4,2.6825396825396823,flee:4,Run away from anything that attacks you.,0.46153846153846156,0.0,0.0,7.461538461538462,1.0,0.03773584905660377,1.0
1000,follow,13,2.3846153846153846,5,8,4,3.1886792452830184,follow:1,Stay close to other animals.,0.46153846153846156,0.0,0.0,5.230769230769231,1.0,0.06206896551724138,1.0
1000,wander,13,2.3846153846153846,5,8,4,1.942528735632184,wander:1,Keep moving to new places.,0.6923076923076923,0.0,0.0,5.538461538461538,1.0,0.006097560975609756,1.0
1000,rest,13,2.3846153846153846,5,8,3,2.0864197530864197,rest:4,Save energy by resting when food is far.,0.6153846153846154,0.0,0.0,7.153846153846154,1.0,0.022727272727272728,0.6153846153846154
1000,mate,13,2.3846153846153846,5,8,5,1.9882352941176475,mate:3,Mate only when food is plentiful.,0.6923076923076923,0.07692307692307693,0.07692307692307693,6.076923076923077,1.0,0.15816326530612246,1.0
1000,attack,13,2.3846153846153846,5,8,4,2.6825396825396823,attack:2,Attack weaker animals when you are hungry.,0.5384615384615384,0.23076923076923078,0.23076923076923078,6.923076923076923,0.7692307692307693,0.0440251572327044,0.7692307692307693
1000,risk,13,2.3846153846153846,5,8,4,1.6407766990291262,risk:0,No particular temperament.,0.7692307692307693,0.07692307692307693,0.07692307692307693,3.3846153846153846,1.0,0.30303030303030304,0.15384615384615385
1000,social,13,2.3846153846153846,5,8,4,1.942528735632184,social:4,"Wary of strangers, friendly to companions.",0.6923076923076923,0.0,0.0,5.384615384615385,1.0,0.0,0.9230769230769231
1000,place,13,2.3846153846153846,5,8,3,1.8571428571428572,place:0,No particular temperament.,0.6923076923076923,0.07692307692307693,0.07692307692307693,3.3076923076923075,1.0,0.15384615384615385,0.25
1500,eat,11,3.4545454545454546,7,10,3,2.688888888888889,eat:4,"Eat quickly, then move on.",0.45454545454545453,0.0,0.0,5.545454545454546,1.0,0.0,1.0
1500,flee,11,3.4545454545454546,7,10,4,3.4571428571428573,flee:4,Run away from anything that attacks you.,0.36363636363636365,0.0,0.0,7.363636363636363,1.0,0.06046511627906977,1.0
1500,follow,11,3.4545454545454546,7,10,4,2.813953488372093,follow:2,Follow others when you are lost or hungry.,0.45454545454545453,0.0,0.0,6.454545454545454,1.0,0.021367521367521364,1.0
1500,wander,11,3.4545454545454546,7,10,3,2.469387755102041,wander:1,Keep moving to new places.,0.5454545454545454,0.0,0.0,4.7272727272727275,1.0,0.0,1.0
1500,rest,11,3.4545454545454546,7,10,4,2.5744680851063833,rest:4,Save energy by resting when food is far.,0.5454545454545454,0.09090909090909091,0.09090909090909091,7.0,1.0,0.10810810810810811,0.7272727272727273
1500,mate,11,3.4545454545454546,7,10,2,1.6575342465753424,mate:3,Mate only when food is plentiful.,0.7272727272727273,0.0,0.0,6.0,1.0,0.0,1.0
1500,attack,11,3.4545454545454546,7,10,5,3.9032258064516134,attack:0,No preference.,0.36363636363636365,0.09090909090909091,0.09090909090909091,5.090909090909091,0.9090909090909091,0.022222222222222223,0.9090909090909091
1500,risk,11,3.4545454545454546,7,10,5,3.9032258064516134,risk:1,Cautious: safety comes before food.,0.36363636363636365,0.18181818181818182,0.18181818181818182,4.2727272727272725,1.0,0.13333333333333333,0.5454545454545454
1500,social,11,3.4545454545454546,7,10,5,3.4571428571428573,social:2,Solitary: prefers to be alone.,0.45454545454545453,0.0,0.0,4.636363636363637,1.0,0.0,0.8181818181818182
1500,place,11,3.4545454545454546,7,10,4,3.1025641025641026,place:0,No particular temperament.,0.45454545454545453,0.0,0.0,4.545454545454546,1.0,0.0,0.5454545454545454
2000,eat,11,2.272727272727273,8,12,5,4.481481481481482,eat:0,No preference.,0.2727272727272727,0.09090909090909091,0.09090909090909091,5.363636363636363,1.0,0.01702127659574468,1.0
2000,flee,11,2.272727272727273,8,12,5,4.172413793103448,flee:1,Run from any predator you see.,0.36363636363636365,0.09090909090909091,0.09090909090909091,5.909090909090909,0.9090909090909091,0.034782608695652174,1.0
2000,follow,11,2.272727272727273,8,12,5,3.9032258064516134,follow:0,No preference.,0.36363636363636365,0.0,0.0,4.7272727272727275,1.0,0.02074074074074074,1.0
2000,wander,11,2.272727272727273,8,12,4,3.666666666666667,wander:0,No preference.,0.36363636363636365,0.0,0.0,4.909090909090909,1.0,0.0,1.0
2000,rest,11,2.272727272727273,8,12,4,2.688888888888889,rest:0,No preference.,0.5454545454545454,0.0,0.0,3.727272727272727,1.0,0.0,0.8181818181818182
2000,mate,11,2.272727272727273,8,12,4,2.813953488372093,mate:4,Seek a partner before growing old.,0.45454545454545453,0.0,0.0,6.090909090909091,1.0,0.03882783882783883,1.0
2000,attack,11,2.272727272727273,8,12,4,3.2702702702702706,attack:0,No preference.,0.36363636363636365,0.0,0.0,3.090909090909091,1.0,0.01904761904761905,1.0
2000,risk,11,2.272727272727273,8,12,5,3.9032258064516134,risk:0,No particular temperament.,0.36363636363636365,0.09090909090909091,0.09090909090909091,5.363636363636363,1.0,0.06666666666666667,0.6363636363636364
2000,social,11,2.272727272727273,8,12,4,3.4571428571428573,social:0,No particular temperament.,0.36363636363636365,0.0,0.0,4.2727272727272725,1.0,0.0,0.6363636363636364
2000,place,11,2.272727272727273,8,12,3,2.2830188679245285,place:2,Prefers staying near water.,0.5454545454545454,0.0,0.0,4.090909090909091,1.0,0.0,0.6363636363636364
2500,eat,12,5.916666666666667,10,11,4,3.5999999999999996,eat:0,No preference.,0.3333333333333333,0.0,0.0,5.166666666666667,1.0,0.0,1.0
2500,flee,12,5.916666666666667,10,11,4,2.6666666666666665,flee:0,No preference.,0.5,0.0,0.0,4.416666666666667,1.0,0.017777777777777778,1.0
2500,follow,12,5.916666666666667,10,11,4,3.428571428571429,follow:1,Stay close to other animals.,0.3333333333333333,0.0,0.0,5.25,1.0,0.0130718954248366,1.0
2500,wander,12,5.916666666666667,10,11,4,2.3999999999999995,wander:2,Explore when there is nothing else to do.,0.5833333333333334,0.0,0.0,7.166666666666667,1.0,0.008928571428571428,1.0
2500,rest,12,5.916666666666667,10,11,3,1.4117647058823528,rest:0,No preference.,0.8333333333333334,0.0,0.0,2.75,1.0,0.0,0.9166666666666666
2500,mate,12,5.916666666666667,10,11,4,3.1304347826086953,mate:4,Seek a partner before growing old.,0.4166666666666667,0.0,0.0,5.5,1.0,0.014577259475218656,1.0
2500,attack,12,5.916666666666667,10,11,2,1.1803278688524592,attack:1,Never fight.,0.9166666666666666,0.0,0.0,2.3333333333333335,1.0,0.0,1.0
2500,risk,12,5.916666666666667,10,11,3,2.32258064516129,risk:1,Cautious: safety comes before food.,0.5833333333333334,0.0,0.0,5.75,1.0,0.042682926829268296,1.0
2500,social,12,5.916666666666667,10,11,5,3.2727272727272725,social:3,Curious about other animals.,0.4166666666666667,0.16666666666666666,0.16666666666666666,4.666666666666667,0.9166666666666666,0.1,0.9
2500,place,12,5.916666666666667,10,11,3,2.0,place:2,Prefers staying near water.,0.6666666666666666,0.0,0.0,4.666666666666667,1.0,0.0,0.8333333333333334
3000,eat,10,4.8,12,14,5,4.166666666666667,eat:0,No preference.,0.3,0.2,0.2,4.6,0.8,0.0,1.0
3000,flee,10,4.8,12,14,3,2.7777777777777772,flee:0,No preference.,0.4,0.0,0.0,5.0,1.0,0.0,1.0
3000,follow,10,4.8,12,14,3,2.380952380952381,follow:0,No preference.,0.5,0.0,0.0,3.8,1.0,0.0,1.0
3000,wander,10,4.8,12,14,5,3.125,wander:2,Explore when there is nothing else to do.,0.5,0.0,0.0,6.5,1.0,0.003676470588235294,1.0
3000,rest,10,4.8,12,14,4,1.9230769230769234,rest:0,No preference.,0.7,0.0,0.0,3.1,1.0,0.0,0.9
3000,mate,10,4.8,12,14,4,2.9411764705882346,mate:1,Look for a partner when energy is high.,0.4,0.0,0.0,6.4,1.0,0.017316017316017316,1.0
3000,attack,10,4.8,12,14,4,2.380952380952381,attack:1,Never fight.,0.6,0.0,0.0,3.4,1.0,0.011494252873563218,1.0
3000,risk,10,4.8,12,14,3,1.515151515151515,risk:1,Cautious: safety comes before food.,0.8,0.0,0.0,4.9,1.0,0.0,0.9
3000,social,10,4.8,12,14,5,3.125,social:3,Curious about other animals.,0.5,0.1,0.1,4.2,1.0,0.14705882352941177,0.8888888888888888
3000,place,10,4.8,12,14,5,3.125,place:2,Prefers staying near water.,0.5,0.0,0.0,4.6,1.0,0.0,0.9
3500,eat,11,2.5454545454545454,12,15,3,2.469387755102041,eat:2,Only look for food when energy is low.,0.5454545454545454,0.0,0.0,7.181818181818182,1.0,0.0,1.0
3500,flee,11,2.5454545454545454,12,15,5,4.172413793103448,flee:0,No preference.,0.2727272727272727,0.0,0.0,6.0,1.0,0.02391304347826087,1.0
3500,follow,11,2.5454545454545454,12,15,5,4.172413793103448,follow:0,No preference.,0.2727272727272727,0.0,0.0,5.090909090909091,1.0,0.03695652173913044,1.0
3500,wander,11,2.5454545454545454,12,15,4,2.5744680851063833,wander:2,Explore when there is nothing else to do.,0.5454545454545454,0.0,0.0,6.545454545454546,1.0,0.0,1.0
3500,rest,11,2.5454545454545454,12,15,4,2.688888888888889,rest:0,No preference.,0.5454545454545454,0.0,0.0,3.090909090909091,1.0,0.013157894736842105,0.7272727272727273
3500,mate,11,2.5454545454545454,12,15,4,1.8059701492537312,mate:1,Look for a partner when energy is high.,0.7272727272727273,0.0,0.0,7.090909090909091,1.0,0.042328042328042326,1.0
3500,attack,11,2.5454545454545454,12,15,4,2.5744680851063833,attack:1,Never fight.,0.5454545454545454,0.0,0.0,4.090909090909091,1.0,0.04594594594594595,1.0
3500,risk,11,2.5454545454545454,12,15,5,3.2702702702702706,risk:1,Cautious: safety comes before food.,0.45454545454545453,0.0,0.0,5.454545454545454,1.0,0.01488095238095238,0.9090909090909091
3500,social,11,2.5454545454545454,12,15,4,3.1025641025641026,social:2,Solitary: prefers to be alone.,0.45454545454545453,0.0,0.0,4.363636363636363,1.0,0.0,0.7272727272727273
3500,place,11,2.5454545454545454,12,15,4,2.2,place:1,Likes open ground where danger is easy to see.,0.6363636363636364,0.0,0.0,7.181818181818182,1.0,0.0,0.9090909090909091
4000,eat,18,9.944444444444445,14,14,2,1.5283018867924527,eat:2,Only look for food when energy is low.,0.7777777777777778,0.0,0.0,7.777777777777778,1.0,0.0,1.0
4000,flee,18,9.944444444444445,14,14,5,4.263157894736842,flee:2,Flee only when a predator is very close.,0.2777777777777778,0.05555555555555555,0.05555555555555555,6.055555555555555,1.0,0.08951612903225806,1.0
4000,follow,18,9.944444444444445,14,14,5,3.951219512195122,follow:0,No preference.,0.3333333333333333,0.1111111111111111,0.1111111111111111,4.722222222222222,1.0,0.06611570247933883,1.0
4000,wander,18,9.944444444444445,14,14,5,3.1153846153846154,wander:0,No preference.,0.3888888888888889,0.05555555555555555,0.05555555555555555,4.111111111111111,1.0,0.031818181818181815,0.9444444444444444
4000,rest,18,9.944444444444445,14,14,3,2.2191780821917804,rest:2,Never stop moving.,0.6111111111111112,0.0,0.0,3.2777777777777777,1.0,0.0,0.8333333333333334
4000,mate,18,9.944444444444445,14,14,3,1.255813953488372,mate:1,Look for a partner when energy is high.,0.8888888888888888,0.05555555555555555,0.05555555555555555,7.833333333333333,1.0,0.36363636363636365,1.0
4000,attack,18,9.944444444444445,14,14,4,3.4468085106382977,attack:1,Never fight.,0.3888888888888889,0.0,0.0,4.666666666666667,1.0,0.05333333333333333,1.0
4000,risk,18,9.944444444444445,14,14,3,2.4545454545454546,risk:0,No particular temperament.,0.4444444444444444,0.0,0.0,4.222222222222222,1.0,0.0,0.5555555555555556
4000,social,18,9.944444444444445,14,14,2,1.9058823529411761,social:2,Solitary: prefers to be alone.,0.6111111111111112,0.0,0.0,4.222222222222222,1.0,0.0,0.6111111111111112
4000,place,18,9.944444444444445,14,14,3,1.408695652173913,place:1,Likes open ground where danger is easy to see.,0.8333333333333334,0.0,0.0,8.055555555555555,1.0,0.0,0.8888888888888888
4500,eat,18,13.333333333333334,17,14,3,1.7419354838709677,eat:2,Only look for food when energy is low.,0.7222222222222222,0.05555555555555555,0.05555555555555555,7.833333333333333,1.0,0.18840579710144928,1.0
4500,flee,18,13.333333333333334,17,14,5,4.153846153846154,flee:0,No preference.,0.3333333333333333,0.05555555555555555,0.05555555555555555,5.166666666666667,0.9444444444444444,0.03577235772357724,0.9444444444444444
4500,follow,18,13.333333333333334,17,14,3,2.0,follow:2,Follow others when you are lost or hungry.,0.6666666666666666,0.16666666666666666,0.16666666666666666,6.5,1.0,0.07407407407407407,1.0
4500,wander,18,13.333333333333334,17,14,5,3.7674418604651163,wander:3,Stay near where you last found food.,0.3888888888888889,0.16666666666666666,0.16666666666666666,4.722222222222222,0.8333333333333334,0.0,1.0
4500,rest,18,13.333333333333334,17,14,5,2.793103448275862,rest:0,No preference.,0.4444444444444444,0.1111111111111111,0.1111111111111111,3.7222222222222223,1.0,0.009615384615384616,0.5294117647058824
4500,mate,18,13.333333333333334,17,14,4,1.7999999999999998,mate:1,Look for a partner when energy is high.,0.7222222222222222,0.2222222222222222,0.2222222222222222,7.944444444444445,1.0,0.09027777777777778,1.0
4500,attack,18,13.333333333333334,17,14,4,2.454545454545454,attack:1,Never fight.,0.5,0.05555555555555555,0.05555555555555555,3.7777777777777777,0.9444444444444444,0.01875,0.9444444444444444
4500,risk,18,13.333333333333334,17,14,2,2.0,risk:0,No particular temperament.,0.5,0.0,0.0,4.0,1.0,0.0,0.5
4500,social,18,13.333333333333334,17,14,4,2.454545454545454,social:0,No particular temperament.,0.5,0.1111111111111111,0.1111111111111111,4.055555555555555,1.0,0.11458333333333333,0.4117647058823529
4500,place,18,13.333333333333334,17,14,3,1.975609756097561,place:1,Likes open ground where danger is easy to see.,0.6666666666666666,0.0,0.0,7.111111111111111,1.0,0.0,0.7777777777777778
5000,eat,29,16.689655172413794,19,14,4,1.755741127348643,eat:2,Only look for food when energy is low.,0.7241379310344828,0.06896551724137931,0.06896551724137931,7.862068965517241,1.0,0.11602209944751381,1.0
5000,flee,29,16.689655172413794,19,14,5,3.0805860805860803,flee:0,No preference.,0.4827586206896552,0.06896551724137931,0.06896551724137931,4.137931034482759,0.9310344827586207,0.02535211267605634,0.9310344827586207
5000,follow,29,16.689655172413794,19,14,4,2.5255255255255253,follow:2,Follow others when you are lost or hungry.,0.5172413793103449,0.41379310344827586,0.41379310344827586,6.827586206896552,1.0,0.17913385826771652,1.0
5000,wander,29,16.689655172413794,19,14,4,2.8508474576271183,wander:3,Stay near where you last found food.,0.5172413793103449,0.20689655172413793,0.20689655172413793,4.896551724137931,0.7931034482758621,0.0,1.0
5000,rest,29,16.689655172413794,19,14,4,3.2222222222222223,rest:3,Rest only when you feel safe.,0.41379310344827586,0.06896551724137931,0.06896551724137931,4.0,1.0,0.01839080459770115,0.5172413793103449
5000,mate,29,16.689655172413794,19,14,5,2.1731266149870803,mate:1,Look for a partner when energy is high.,0.6551724137931034,0.2413793103448276,0.3103448275862069,7.896551724137931,1.0,0.14317180616740088,0.9310344827586207
5000,attack,29,16.689655172413794,19,14,2,1.4884955752212388,attack:1,Never fight.,0.7931034482758621,0.0,0.0,2.8275862068965516,1.0,0.0,1.0
5000,risk,29,16.689655172413794,19,14,2,1.997624703087886,risk:1,Cautious: safety comes before food.,0.5172413793103449,0.0,0.0,4.0344827586206895,1.0,0.0,0.5172413793103449
5000,social,29,16.689655172413794,19,14,6,2.5718654434250765,social:2,Solitary: prefers to be alone.,0.5517241379310345,0.1724137931034483,0.1724137931034483,4.482758620689655,0.9655172413793104,0.07263294422827497,0.6071428571428571
5000,place,29,16.689655172413794,19,14,3,2.6869009584664534,place:1,Likes open ground where danger is easy to see.,0.4827586206896552,0.0,0.0,6.103448275862069,1.0,0.0,0.6896551724137931
5500,eat,29,19.75862068965517,22,14,3,1.4278438030560272,eat:2,Only look for food when energy is low.,0.8275862068965517,0.06896551724137931,0.06896551724137931,7.9655172413793105,1.0,0.38095238095238093,1.0
5500,flee,29,19.75862068965517,22,14,4,2.8508474576271183,flee:0,No preference.,0.4482758620689655,0.034482758620689655,0.034482758620689655,4.586206896551724,1.0,0.05555555555555555,1.0
5500,follow,29,19.75862068965517,22,14,5,3.404858299595142,follow:8,Follow the smallest vehicle nearby.,0.3793103448275862,0.6551724137931034,0.7586206896551724,7.310344827586207,1.0,0.20244107744107745,1.0
5500,wander,29,19.75862068965517,22,14,3,1.6393762183235872,wander:3,Stay near where you last found food.,0.7586206896551724,0.06896551724137931,0.06896551724137931,5.793103448275862,0.9310344827586207,0.0,1.0
5500,rest,29,19.75862068965517,22,14,3,2.6037151702786376,rest:3,Rest only when you feel safe.,0.5172413793103449,0.0,0.0,4.310344827586207,1.0,0.0,0.4827586206896552
5500,mate,29,19.75862068965517,22,14,7,2.870307167235495,mate:1,Look for a partner when energy is high.,0.5517241379310345,0.41379310344827586,0.5862068965517241,8.0,1.0,0.19320907194994788,0.8571428571428571
5500,attack,29,19.75862068965517,22,14,3,1.2349486049926577,attack:1,Never fight.,0.896551724137931,0.10344827586206896,0.10344827586206896,2.1379310344827585,1.0,0.6625,1.0
5500,risk,29,19.75862068965517,22,14,3,1.7128309572301423,risk:0,No particular temperament.,0.7241379310344828,0.034482758620689655,0.034482758620689655,3.5517241379310347,1.0,0.024,0.27586206896551724
5500,social,29,19.75862068965517,22,14,4,2.6037151702786376,social:2,Solitary: prefers to be alone.,0.5172413793103449,0.1724137931034483,0.1724137931034483,4.068965517241379,0.8620689655172413,0.0,0.6551724137931034
5500,place,29,19.75862068965517,22,14,3,2.2073490813648298,place:0,No particular temperament.,0.5517241379310345,0.0,0.0,5.344827586206897,1.0,0.0,0.4482758620689655
6000,eat,32,21.96875,24,14,3,1.292929292929293,eat:2,Only look for food when energy is low.,0.875,0.0625,0.0625,7.9375,1.0,0.2896551724137931,0.9375
6000,flee,32,21.96875,24,14,4,2.265486725663717,flee:0,No preference.,0.59375,0.03125,0.03125,3.90625,1.0,0.01783216783216783,1.0
6000,follow,32,21.96875,24,14,6,4.452173913043478,follow:8,Follow the smallest vehicle nearby.,0.28125,0.78125,1.0625,7.8125,1.0,0.18004378073647595,1.0
6000,wander,32,21.96875,24,14,2,1.0644490644490645,wander:3,Stay near where you last found food.,0.96875,0.03125,0.03125,7.0,1.0,0.6666666666666666,1.0
6000,rest,32,21.96875,24,14,4,2.598984771573604,rest:3,Rest only when you feel safe.,0.5,0.03125,0.03125,4.125,0.96875,0.0,0.46875
6000,mate,32,21.96875,24,14,6,3.1219512195121952,mate:1,Look for a partner when energy is high.,0.5,0.40625,0.46875,7.96875,1.0,0.3140394088669951,0.967741935483871
6000,attack,32,21.96875,24,14,1,1.0,attack:1,Never fight.,1.0,0.0,0.0,2.0,1.0,,1.0
6000,risk,32,21.96875,24,14,4,2.160337552742616,risk:0,No particular temperament.,0.625,0.125,0.125,3.6875,1.0,0.0766060606060606,0.34375
6000,social,32,21.96875,24,14,5,3.1411042944785277,social:2,Solitary: prefers to be alone.,0.4375,0.25,0.28125,3.9375,0.8125,0.0071633237822349575,0.625
6000,place,32,21.96875,24,14,5,2.3813953488372093,place:0,No particular temperament.,0.5625,0.0625,0.0625,5.1875,1.0,0.038907594463150015,0.4
6500,eat,26,23.846153846153847,26,14,2,1.0798722044728435,eat:2,Only look for food when energy is low.,0.9615384615384616,0.038461538461538464,0.038461538461538464,8.0,1.0,0.6,0.9615384615384616
6500,flee,26,23.846153846153847,26,14,5,1.6407766990291262,flee:0,No preference.,0.7692307692307693,0.07692307692307693,0.07692307692307693,3.076923076923077,1.0,0.029292929292929294,1.0
6500,follow,26,23.846153846153847,26,14,5,3.976470588235294,follow:8,Follow the smallest vehicle nearby.,0.34615384615384615,0.7692307692307693,1.0,7.384615384615385,1.0,0.16773009599096556,1.0
6500,wander,26,23.846153846153847,26,14,2,1.2565055762081785,wander:3,Stay near where you last found food.,0.8846153846153846,0.11538461538461539,0.11538461538461539,7.0,1.0,0.6666666666666666,1.0
6500,rest,26,23.846153846153847,26,14,6,3.6344086021505375,rest:3,Rest only when you feel safe.,0.4230769230769231,0.23076923076923078,0.23076923076923078,4.153846153846154,0.9230769230769231,0.07346938775510205,0.4230769230769231
6500,mate,26,23.846153846153847,26,14,6,2.414285714285714,mate:1,Look for a partner when energy is high.,0.6153846153846154,0.2692307692307692,0.2692307692307692,7.8076923076923075,1.0,0.29329004329004327,1.0
6500,attack,26,23.846153846153847,26,14,1,1.0,attack:1,Never fight.,1.0,0.0,0.0,2.0,1.0,,1.0
6500,risk,26,23.846153846153847,26,14,5,1.9766081871345031,risk:0,No particular temperament.,0.6923076923076923,0.19230769230769232,0.19230769230769232,3.3846153846153846,1.0,0.13333333333333333,0.19230769230769232
6500,social,26,23.846153846153847,26,14,4,2.6825396825396823,social:2,Solitary: prefers to be alone.,0.46153846153846156,0.15384615384615385,0.23076923076923078,3.923076923076923,0.8461538461538461,0.009433962264150943,0.6153846153846154
6500,place,26,23.846153846153847,26,14,4,2.2993197278911564,place:0,No particular temperament.,0.6153846153846154,0.07692307692307693,0.07692307692307693,4.884615384615385,1.0,0.029086678301337987,0.3333333333333333
7000,eat,33,25.848484848484848,28,14,2,1.2707117852975498,eat:2,Only look for food when energy is low.,0.8787878787878788,0.12121212121212122,0.12121212121212122,8.0,1.0,0.6,0.8787878787878788
7000,flee,33,25.848484848484848,28,14,4,2.165009940357853,flee:0,No preference.,0.6363636363636364,0.21212121212121213,0.21212121212121213,3.787878787878788,1.0,0.13993174061433447,1.0
7000,follow,33,25.848484848484848,28,14,4,2.7709923664122136,follow:8,Follow the smallest vehicle nearby.,0.48484848484848486,0.9696969696969697,1.2727272727272727,6.96969696969697,1.0,0.10996168582375479,1.0
7000,wander,33,25.848484848484848,28,14,2,1.4235294117647057,wander:3,Stay near where you last found food.,0.8181818181818182,0.18181818181818182,0.18181818181818182,7.0,1.0,0.6666666666666666,1.0
7000,rest,33,25.848484848484848,28,14,6,3.2900302114803623,rest:3,Rest only when you feel safe.,0.45454545454545453,0.2727272727272727,0.30303030303030304,4.090909090909091,0.7878787878787878,0.0395778364116095,0.3333333333333333
7000,mate,33,25.848484848484848,28,14,5,1.4696356275303641,mate:1,Look for a partner when energy is high.,0.8181818181818182,0.15151515151515152,0.24242424242424243,7.9393939393939394,1.0,0.48965517241379314,1.0
7000,attack,33,25.848484848484848,28,14,2,1.0624390243902437,attack:1,Never fight.,0.9696969696969697,0.030303030303030304,0.030303030303030304,2.0,0.9696969696969697,0.0,0.9696969696969697
7000,risk,33,25.848484848484848,28,14,6,2.756962025316456,risk:0,No particular temperament.,0.5454545454545454,0.42424242424242425,0.45454545454545453,3.6363636363636362,1.0,0.1344449018800604,0.24242424242424243
7000,social,33,25.848484848484848,28,14,4,3.1025641025641026,social:0,No particular temperament.,0.3939393939393939,0.30303030303030304,0.5757575757575758,3.606060606060606,0.696969696969697,0.012195121951219513,0.6060606060606061
7000,place,33,25.848484848484848,28,14,2,1.8615384615384616,place:0,No particular temperament.,0.6363636363636364,0.0,0.0,5.181818181818182,1.0,0.0,0.36363636363636365
7500,eat,30,28.166666666666668,30,14,2,1.4705882352941173,eat:2,Only look for food when energy is low.,0.8,0.2,0.2,8.0,1.0,0.6,0.8
7500,flee,30,28.166666666666668,30,14,3,1.7175572519083973,flee:0,No preference.,0.7333333333333333,0.2,0.2,3.3333333333333335,1.0,0.06382978723404255,1.0
7500,follow,30,28.166666666666668,30,14,3,2.6315789473684212,follow:8,Follow the smallest vehicle nearby.,0.4666666666666667,1.0,1.1666666666666667,7.9,1.0,0.1003584229390681,1.0
7500,wander,30,28.166666666666668,30,14,2,1.6423357664233578,wander:3,Stay near where you last found food.,0.7333333333333333,0.26666666666666666,0.26666666666666666,7.0,1.0,0.6666666666666666,1.0
7500,rest,30,28.166666666666668,30,14,7,4.591836734693878,rest:3,Rest only when you feel safe.,0.3333333333333333,0.36666666666666664,0.4,4.233333333333333,0.8333333333333334,0.07102272727272728,0.5
7500,mate,30,28.166666666666668,30,14,3,1.5100671140939594,mate:1,Look for a partner when energy is high.,0.8,0.13333333333333333,0.26666666666666666,7.866666666666666,1.0,0.3789473684210526,1.0
7500,attack,30,28.166666666666668,30,14,1,1.0,attack:1,Never fight.,1.0,0.0,0.0,2.0,1.0,,1.0
7500,risk,30,28.166666666666668,30,14,5,2.459016393442623,risk:0,No particular temperament.,0.6,0.4,0.5333333333333333,3.933333333333333,1.0,0.16853932584269662,0.13333333333333333
7500,social,30,28.166666666666668,30,14,4,2.7607361963190185,social:0,No particular temperament.,0.5333333333333333,0.3,0.5,3.3333333333333335,0.7,0.0313588850174216,0.4666666666666667
7500,place,30,28.166666666666668,30,14,3,1.4018691588785046,place:0,No particular temperament.,0.8333333333333334,0.03333333333333333,0.03333333333333333,3.8333333333333335,1.0,0.1937984496124031,0.13793103448275862
8000,eat,33,30.393939393939394,32,14,2,1.5805515239477506,eat:2,Only look for food when energy is low.,0.7575757575757576,0.24242424242424243,0.24242424242424243,8.0,1.0,0.6,0.7575757575757576
8000,flee,33,30.393939393939394,32,14,4,1.6625954198473283,flee:0,No preference.,0.7575757575757576,0.21212121212121213,0.21212121212121213,3.272727272727273,0.9393939393939394,0.02304147465437788,0.9393939393939394
8000,follow,33,30.393939393939394,32,14,4,2.675675675675676,follow:9,"Follow others when you are hungry or lost, unless they are ghosts.",0.45454545454545453,1.0,1.1515151515151516,8.93939393939394,1.0,0.22727272727272727,1.0
8000,wander,33,30.393939393939394,32,14,4,1.3732660781841108,wander:3,Stay near where you last found food.,0.8484848484848485,0.15151515151515152,0.2727272727272727,7.0606060606060606,1.0,0.6418918918918919,1.0
8000,rest,33,30.393939393939394,32,14,6,3.084985835694051,rest:13,No choice.,0.3939393939393939,0.5454545454545454,0.5757575757575758,4.151515151515151,0.5757575757575758,0.017663043478260868,0.18181818181818182
8000,mate,33,30.393939393939394,32,14,4,2.3725490196078427,mate:1,Look for a partner when energy is high.,0.5757575757575758,0.30303030303030304,0.5757575757575758,7.7272727272727275,0.9696969696969697,0.3257142857142857,1.0
8000,attack,33,30.393939393939394,32,14,2,1.0624390243902437,attack:1,Never fight.,0.9696969696969697,0.030303030303030304,0.030303030303030304,2.0606060606060606,1.0,0.5,1.0
8000,risk,33,30.393939393939394,32,14,6,3.174927113702624,risk:0,No particular temperament.,0.45454545454545453,0.5454545454545454,0.696969696969697,4.242424242424242,1.0,0.17354781054512958,0.3125
8000,social,33,30.393939393939394,32,14,4,3.084985835694051,social:15,Loner: enjoys community.,0.3939393939393939,0.45454545454545453,0.8484848484848485,3.3636363636363638,0.5454545454545454,0.035326086956521736,0.6363636363636364
8000,place,33,30.393939393939394,32,14,3,1.54468085106383,place:0,No particular temperament.,0.7878787878787878,0.06060606060606061,0.06060606060606061,3.909090909090909,1.0,0.2708333333333333,0.15151515151515152
8500,eat,28,32.464285714285715,34,14,4,1.902912621359223,eat:2,Only look for food when energy is low.,0.6785714285714286,0.32142857142857145,0.35714285714285715,8.0,1.0,0.5763440860215054,0.7407407407407407
8500,flee,28,32.464285714285715,34,14,2,1.4151624548736466,flee:0,No preference.,0.8214285714285714,0.17857142857142858,0.17857142857142858,3.0714285714285716,0.8214285714285714,0.0,0.8214285714285714
8500,follow,28,32.464285714285715,34,14,6,3.161290322580645,follow:8,Follow the smallest vehicle nearby.,0.4642857142857143,1.0,1.25,7.321428571428571,1.0,0.2322450248756219,0.9230769230769231
8500,wander,28,32.464285714285715,34,14,3,1.950248756218905,wander:3,Stay near where you last found food.,0.6785714285714286,0.32142857142857145,0.4642857142857143,7.0,1.0,0.6462228870605833,1.0
8500,rest,28,32.464285714285715,34,14,5,2.741258741258741,rest:13,No choice.,0.5,0.6071428571428571,0.6785714285714286,3.4285714285714284,0.39285714285714285,0.0,0.07407407407407407
8500,mate,28,32.464285714285715,34,14,4,2.1899441340782126,mate:1,Look for a partner when energy is high.,0.6071428571428571,0.32142857142857145,0.6071428571428571,7.857142857142857,1.0,0.45352112676056333,1.0
8500,attack,28,32.464285714285715,34,14,3,1.1563421828908556,attack:1,Never fight.,0.9285714285714286,0.07142857142857142,0.07142857142857142,2.0,0.9285714285714286,0.0,0.9629629629629629
8500,risk,28,32.464285714285715,34,14,5,2.8,risk:0,No particular temperament.,0.4642857142857143,0.5357142857142857,0.5714285714285714,3.857142857142857,1.0,0.20634920634920634,0.35714285714285715
8500,social,28,32.464285714285715,34,14,5,3.663551401869159,social:0,No particular temperament.,0.35714285714285715,0.32142857142857145,0.5,3.7857142857142856,0.6785714285714286,0.017543859649122806,0.5714285714285714
8500,place,28,32.464285714285715,34,14,4,1.675213675213675,place:0,No particular temperament.,0.75,0.07142857142857142,0.07142857142857142,4.107142857142857,0.9642857142857143,0.13291139240506328,0.18518518518518517
9000,eat,31,34.806451612903224,37,14,3,1.6597582037996546,eat:2,Only look for food when energy is low.,0.7419354838709677,0.25806451612903225,0.2903225806451613,8.0,1.0,0.6146596858638743,0.7741935483870968
9000,flee,31,34.806451612903224,37,14,2,1.137278106508876,flee:0,No preference.,0.9354838709677419,0.06451612903225806,0.06451612903225806,2.3870967741935485,0.9354838709677419,0.0,0.9354838709677419
9000,follow,31,34.806451612903224,37,14,5,2.149888143176734,follow:8,Follow the smallest vehicle nearby.,0.6451612903225806,1.0,1.1612903225806452,6.580645161290323,1.0,0.18512599592366127,0.967741935483871
9000,wander,31,34.806451612903224,37,14,4,2.121412803532009,wander:3,Stay near where you last found food.,0.6451612903225806,0.3548387096774194,0.5161290322580645,7.0,1.0,0.6509186351706036,1.0
9000,rest,31,34.806451612903224,37,14,5,3.5461254612546127,rest:13,No choice.,0.3870967741935484,0.6129032258064516,0.8064516129032258,3.2903225806451615,0.41935483870967744,0.013043478260869565,0.1
9000,mate,31,34.806451612903224,37,14,3,1.6597582037996546,mate:1,Look for a partner when energy is high.,0.7419354838709677,0.22580645161290322,0.45161290322580644,7.935483870967742,1.0,0.5057591623036649,1.0
9000,attack,31,34.806451612903224,37,14,1,1.0,attack:1,Never fight.,1.0,0.0,0.0,2.0,1.0,,1.0
9000,risk,31,34.806451612903224,37,14,3,1.6597582037996546,risk:0,No particular temperament.,0.7419354838709677,0.25806451612903225,0.2903225806451613,3.6129032258064515,1.0,0.01832460732984293,0.22580645161290322
9000,social,31,34.806451612903224,37,14,5,3.0125391849529786,social:2,Solitary: prefers to be alone.,0.5161290322580645,0.3225806451612903,0.4838709677419355,4.225806451612903,0.6774193548387096,0.01557632398753894,0.7419354838709677
9000,place,31,34.806451612903224,37,14,2,1.2118537200504416,place:0,No particular temperament.,0.9032258064516129,0.0,0.0,3.5806451612903225,1.0,0.0,0.0967741935483871
9500,eat,27,37.74074074074074,40,14,3,2.0420168067226894,eat:2,Only look for food when energy is low.,0.5925925925925926,0.4074074074074074,0.4074074074074074,8.037037037037036,1.0,0.6118279569892473,0.6296296296296297
9500,flee,27,37.74074074074074,40,14,2,1.1589825119236883,flee:0,No preference.,0.9259259259259259,0.07407407407407407,0.07407407407407407,2.4444444444444446,0.9259259259259259,0.0,0.9259259259259259
9500,follow,27,37.74074074074074,40,14,5,2.2996845425867507,follow:8,Follow the smallest vehicle nearby.,0.6296296296296297,1.0,1.2962962962962963,5.666666666666667,1.0,0.16100323624595467,0.84
9500,wander,27,37.74074074074074,40,14,4,2.189189189189189,wander:3,Stay near where you last found food.,0.6296296296296297,0.37037037037037035,0.5185185185185185,7.0,1.0,0.6584896584896585,1.0
9500,rest,27,37.74074074074074,40,14,5,3.155844155844156,rest:13,No choice.,0.4444444444444444,0.7407407407407407,1.0740740740740742,2.888888888888889,0.25925925925925924,0.0,0.037037037037037035
9500,mate,27,37.74074074074074,40,14,6,2.2710280373831773,mate:1,Look for a partner when energy is high.,0.6296296296296297,0.3333333333333333,0.5185185185185185,7.851851851851852,0.9259259259259259,0.2549019607843137,1.0
9500,attack,27,37.74074074074074,40,14,3,1.1626794258373205,attack:1,Never fight.,0.9259259259259259,0.07407407407407407,0.07407407407407407,2.0,0.9629629629629629,0.49019607843137253,0.9629629629629629
9500,risk,27,37.74074074074074,40,14,3,1.8740359897172238,risk:0,No particular temperament.,0.6666666666666666,0.3333333333333333,0.3333333333333333,3.5925925925925926,1.0,0.10588235294117647,0.2962962962962963
9500,social,27,37.74074074074074,40,14,4,2.9755102040816332,social:2,Solitary: prefers to be alone.,0.48148148148148145,0.2962962962962963,0.5185185185185185,3.962962962962963,0.7037037037037037,0.024793388429752067,0.7777777777777778
9500,place,27,37.74074074074074,40,14,2,1.2461538461538462,place:0,No particular temperament.,0.8888888888888888,0.0,0.0,3.6666666666666665,1.0,0.0,0.1111111111111111
10000,eat,33,39.39393939393939,41,14,3,2.1911468812877266,eat:15,Only look for water when energy is low.,0.5454545454545454,0.6060606060606061,0.6060606060606061,8.06060606060606,1.0,0.6054054054054054,0.45454545454545453
10000,flee,33,39.39393939393939,41,14,3,1.1308411214953271,flee:0,No preference.,0.9393939393939394,0.06060606060606061,0.06060606060606061,2.212121212121212,0.9696969696969697,0.24603174603174602,0.9696969696969697
10000,follow,33,39.39393939393939,41,14,6,2.64963503649635,follow:8,Follow the smallest vehicle nearby.,0.5757575757575758,1.0,1.3636363636363635,5.9393939393939394,1.0,0.2619843610994053,0.84375
10000,wander,33,39.39393939393939,41,14,4,1.7823240589198037,wander:3,Stay near where you last found food.,0.7272727272727273,0.2727272727272727,0.5151515151515151,7.0,1.0,0.6340904562661884,1.0
10000,rest,33,39.39393939393939,41,14,5,3.501607717041801,rest:13,No choice.,0.36363636363636365,0.7272727272727273,1.121212121212121,3.212121212121212,0.30303030303030304,0.011568123393316195,0.0
10000,mate,33,39.39393939393939,41,14,5,1.9274336283185838,mate:1,Look for a partner when energy is high.,0.696969696969697,0.21212121212121213,0.36363636363636365,7.787878787878788,1.0,0.4024809160305344,1.0
10000,attack,33,39.39393939393939,41,14,3,1.2033149171270718,attack:1,Never fight.,0.9090909090909091,0.09090909090909091,0.09090909090909091,2.0,0.9090909090909091,0.0,0.9393939393939394
10000,risk,33,39.39393939393939,41,14,5,1.6676875957120982,risk:0,No particular temperament.,0.7575757575757576,0.24242424242424243,0.24242424242424243,3.303030303030303,0.9696969696969697,0.154434250764526,0.16666666666666666
10000,social,33,39.39393939393939,41,14,5,2.7569620253164557,social:2,Solitary: prefers to be alone.,0.48484848484848486,0.3939393939393939,0.7272727272727273,3.9696969696969697,0.6060606060606061,0.01585014409221902,0.8787878787878788
10000,place,33,39.39393939393939,41,14,3,1.1308411214953271,place:0,No particular temperament.,0.9393939393939394,0.06060606060606061,0.06060606060606061,3.0303030303030303,0.9696969696969697,0.164021164021164,0.0
10500,eat,40,42.25,44,14,4,1.3628620102214652,eat:15,Only look for water when energy is low.,0.85,0.9,0.95,8.025,1.0,0.6295774647887323,0.10256410256410256
10500,flee,40,42.25,44,14,3,1.1065006915629323,flee:0,No preference.,0.95,0.05,0.05,2.075,1.0,0.49783549783549785,1.0
10500,follow,40,42.25,44,14,3,2.787456445993031,follow:8,Follow the smallest vehicle nearby.,0.45,1.0,1.55,5.875,1.0,0.334990253411306,1.0
10500,wander,40,42.25,44,14,4,1.9184652278177454,wander:3,Stay near where you last found food.,0.675,0.325,0.625,7.0,1.0,0.5376932322102035,1.0
10500,rest,40,42.25,44,14,4,1.8912529550827426,rest:16,No banana.,0.7,0.875,1.625,2.5,0.125,0.0,0.0
10500,mate,40,42.25,44,14,1,1.0,mate:1,Look for a partner when energy is high.,1.0,0.0,0.0,8.0,1.0,,1.0
10500,attack,40,42.25,44,14,1,1.0,attack:1,Never fight.,1.0,0.0,0.0,2.0,1.0,,1.0
10500,risk,40,42.25,44,14,3,1.1644832605531295,risk:0,No particular temperament.,0.925,0.075,0.075,3.125,0.975,0.0,0.05128205128205128
10500,social,40,42.25,44,14,3,2.056555269922879,social:2,Solitary: prefers to be alone.,0.625,0.375,0.675,4.25,0.625,0.0,1.0
10500,place,40,42.25,44,14,1,1.0,place:0,No particular temperament.,1.0,0.0,0.0,3.0,1.0,,0.0
11000,eat,29,44.51724137931034,46,14,2,1.0713375796178342,eat:15,Only look for water when energy is low.,0.9655172413793104,1.0,1.0344827586206897,8.0,1.0,0.6,0.0
11000,flee,29,44.51724137931034,46,14,1,1.0,flee:0,No preference.,1.0,0.0,0.0,2.0,1.0,,1.0
11000,follow,29,44.51724137931034,46,14,5,2.7394136807817584,follow:25,Follow the smallest red vehicle nearby.,0.4827586206896552,1.0,1.6896551724137931,5.793103448275862,1.0,0.5890939896557874,1.0
11000,wander,29,44.51724137931034,46,14,2,1.9788235294117649,wander:3,Stay near where you last found food.,0.5517241379310345,0.4482758620689655,0.896551724137931,7.0,1.0,0.5714285714285714,1.0
11000,rest,29,44.51724137931034,46,14,2,1.1473396998635743,rest:16,No banana.,0.9310344827586207,0.9310344827586207,1.8620689655172413,2.2758620689655173,0.06896551724137931,0.0,0.0
11000,mate,29,44.51724137931034,46,14,1,1.0,mate:1,Look for a partner when energy is high.,1.0,0.0,0.0,8.0,1.0,,1.0
11000,attack,29,44.51724137931034,46,14,3,1.1504787961696308,attack:1,Never fight.,0.9310344827586207,0.06896551724137931,0.06896551724137931,2.0,0.9655172413793104,0.4909090909090909,0.9655172413793104
11000,risk,29,44.51724137931034,46,14,2,1.0713375796178342,risk:0,No particular temperament.,0.9655172413793104,0.034482758620689655,0.034482758620689655,3.0,1.0,0.3333333333333333,0.0
11000,social,29,44.51724137931034,46,14,5,2.0868486352357323,social:15,Loner: enjoys community.,0.6551724137931034,0.7931034482758621,1.6551724137931034,3.413793103448276,0.20689655172413793,0.07990867579908675,1.0
11000,place,29,44.51724137931034,46,14,2,1.0713375796178342,place:0,No particular temperament.,0.9655172413793104,0.034482758620689655,0.034482758620689655,3.0,0.9655172413793104,0.0,0.0
11500,eat,28,47.035714285714285,49,14,5,1.4626865671641793,eat:15,Only look for water when energy is low.,0.8214285714285714,1.0,1.2142857142857142,7.964285714285714,1.0,0.5630568356374808,0.0
11500,flee,28,47.035714285714285,49,14,1,1.0,flee:0,No preference.,1.0,0.0,0.0,2.0,1.0,,1.0
11500,follow,28,47.035714285714285,49,14,4,2.074074074074074,follow:25,Follow the smallest red vehicle nearby.,0.6428571428571429,1.0,1.7857142857142858,5.821428571428571,1.0,0.5812143248103839,1.0
11500,wander,28,47.035714285714285,49,14,2,1.3243243243243243,wander:3,Stay near where you last found food.,0.8571428571428571,0.14285714285714285,0.2857142857142857,7.0,1.0,0.5714285714285714,1.0
11500,rest,28,47.035714285714285,49,14,2,1.0739726027397258,rest:16,No banana.,0.9642857142857143,1.0,2.0357142857142856,2.0,0.0,0.0,0.0
11500,mate,28,47.035714285714285,49,14,3,1.1563421828908556,mate:1,Look for a partner when energy is high.,0.9285714285714286,0.07142857142857142,0.07142857142857142,7.928571428571429,1.0,0.49056603773584906,1.0
11500,attack,28,47.035714285714285,49,14,4,1.451851851851852,attack:1,Never fight.,0.8214285714285714,0.17857142857142858,0.17857142857142858,2.2142857142857144,0.8571428571428571,0.1885245901639344,1.0
11500,risk,28,47.035714285714285,49,14,2,1.0739726027397258,risk:0,No particular temperament.,0.9642857142857143,0.03571428571428571,0.03571428571428571,3.0,1.0,0.3333333333333333,0.0
11500,social,28,47.035714285714285,49,14,5,2.6308724832214767,social:15,Loner: enjoys community.,0.5357142857142857,0.7142857142857143,1.6071428571428572,3.5714285714285716,0.2857142857142857,0.12386831275720166,0.9285714285714286
11500,place,28,47.035714285714285,49,14,1,1.0,place:0,No particular temperament.,1.0,0.0,0.0,3.0,1.0,,0.0
12000,eat,29,49.48275862068966,52,14,2,1.0713375796178342,eat:15,Only look for water when energy is low.,0.9655172413793104,1.0,1.0344827586206897,8.0,1.0,0.6,0.0
12000,flee,29,49.48275862068966,52,14,1,1.0,flee:0,No preference.,1.0,0.0,0.0,2.0,1.0,,1.0
12000,follow,29,49.48275862068966,52,14,3,1.4278438030560272,follow:25,Follow the smallest red vehicle nearby.,0.8275862068965517,1.0,1.896551724137931,5.9655172413793105,1.0,0.5054232804232804,1.0
12000,wander,29,49.48275862068966,52,14,1,1.0,wander:3,Stay near where you last found food.,1.0,0.0,0.0,7.0,1.0,,1.0
12000,rest,29,49.48275862068966,52,14,2,1.227737226277372,rest:16,No banana.,0.896551724137931,1.0,2.103448275862069,2.0,0.0,0.0,0.0
12000,mate,29,49.48275862068966,52,14,3,1.3285939968404425,mate:1,Look for a partner when energy is high.,0.8620689655172413,0.13793103448275862,0.13793103448275862,7.862068965517241,1.0,0.4807692307692308,1.0
12000,attack,29,49.48275862068966,52,14,2,1.1473396998635743,attack:1,Never fight.,0.9310344827586207,0.06896551724137931,0.06896551724137931,2.0,0.9310344827586207,0.0,0.9310344827586207
12000,risk,29,49.48275862068966,52,14,2,1.227737226277372,risk:0,No particular temperament.,0.896551724137931,0.10344827586206896,0.10344827586206896,3.0,1.0,0.3333333333333333,0.0
12000,social,29,49.48275862068966,52,14,5,2.704180064308682,social:15,Loner: enjoys community.,0.5517241379310345,0.7931034482758621,1.7586206896551724,3.793103448275862,0.3448275862068966,0.05886792452830189,0.8620689655172413
12000,place,29,49.48275862068966,52,14,4,1.3328050713153725,place:0,No particular temperament.,0.8620689655172413,0.13793103448275862,0.1724137931034483,3.1379310344827585,0.9655172413793104,0.6476190476190476,0.0
12500,eat,24,51.875,54,14,1,1.0,eat:15,Only look for water when energy is low.,1.0,1.0,1.0,8.0,1.0,,0.0
12500,flee,24,51.875,54,14,3,1.1851851851851853,flee:0,No preference.,0.9166666666666666,0.08333333333333333,0.125,2.25,0.9166666666666666,0.007407407407407407,1.0
12500,follow,24,51.875,54,14,2,1.1803278688524592,follow:25,Follow the smallest red vehicle nearby.,0.9166666666666666,1.0,1.9166666666666667,5.916666666666667,1.0,0.8,1.0
12500,wander,24,51.875,54,14,1,1.0,wander:3,Stay near where you last found food.,1.0,0.0,0.0,7.0,1.0,,1.0
12500,rest,24,51.875,54,14,2,1.1803278688524592,rest:16,No banana.,0.9166666666666666,1.0,2.0833333333333335,2.0,0.0,0.0,0.0
12500,mate,24,51.875,54,14,2,1.28,mate:1,Look for a partner when energy is high.,0.875,0.125,0.125,8.0,1.0,1.0,1.0
12500,attack,24,51.875,54,14,2,1.3846153846153844,attack:1,Never fight.,0.8333333333333334,0.16666666666666666,0.16666666666666666,2.0,0.8333333333333334,0.0,0.8333333333333334
12500,risk,24,51.875,54,14,2,1.0867924528301884,risk:0,No particular temperament.,0.9583333333333334,0.041666666666666664,0.041666666666666664,3.0,0.9583333333333334,0.0,0.0
12500,social,24,51.875,54,14,3,1.540106951871658,social:15,Loner: enjoys community.,0.7916666666666666,0.875,1.8333333333333333,3.25,0.125,0.07524752475247526,1.0
12500,place,24,51.875,54,14,4,1.8823529411764706,place:0,No particular temperament.,0.7083333333333334,0.2916666666666667,0.4166666666666667,3.2916666666666665,0.875,0.3925925925925926,0.0
13000,eat,33,54.09090909090909,56,14,1,1.0,eat:15,Only look for water when energy is low.,1.0,1.0,1.0,8.0,1.0,,0.0
13000,flee,33,54.09090909090909,56,14,4,1.5624103299856529,flee:0,No preference.,0.7878787878787878,0.21212121212121213,0.2727272727272727,2.5454545454545454,0.7878787878787878,0.013605442176870748,1.0
13000,follow,33,54.09090909090909,56,14,2,1.3461063040791097,follow:25,Follow the smallest red vehicle nearby.,0.8484848484848485,1.0,1.8484848484848484,5.848484848484849,1.0,0.8,1.0
13000,wander,33,54.09090909090909,56,14,2,1.0624390243902437,wander:3,Stay near where you last found food.,0.9696969696969697,0.030303030303030304,0.030303030303030304,7.0,1.0,0.6666666666666666,1.0
13000,rest,33,54.09090909090909,56,14,2,1.0624390243902437,rest:16,No banana.,0.9696969696969697,1.0,2.0303030303030303,2.0,0.0,0.0,0.0
13000,mate,33,54.09090909090909,56,14,3,1.8551959114139691,mate:1,Look for a partner when energy is high.,0.696969696969697,0.30303030303030304,0.30303030303030304,8.0,1.0,0.8565737051792829,1.0
13000,attack,33,54.09090909090909,56,14,2,1.1284974093264248,attack:1,Never fight.,0.9393939393939394,0.06060606060606061,0.06060606060606061,2.0,0.9393939393939394,0.0,0.9393939393939394
13000,risk,33,54.09090909090909,56,14,4,1.2857142857142856,risk:0,No particular temperament.,0.8787878787878788,0.12121212121212122,0.12121212121212122,3.0,0.9696969696969697,0.3195592286501377,0.0
13000,social,33,54.09090909090909,56,14,2,1.2707117852975498,social:15,Loner: enjoys community.,0.8787878787878788,0.8787878787878788,1.7575757575757576,3.242424242424242,0.12121212121212122,0.0,1.0
13000,place,33,54.09090909090909,56,14,3,1.54468085106383,place:0,No particular temperament.,0.7878787878787878,0.21212121212121213,0.21212121212121213,2.8484848484848486,1.0,0.6354166666666666,0.0
13500,eat,31,56.54838709677419,58,14,3,1.3004059539918809,eat:15,Only look for water when energy is low.,0.8709677419354839,1.0,1.1290322580645162,8.03225806451613,1.0,0.5671814671814671,0.1
13500,flee,31,56.54838709677419,58,14,4,1.503912363067293,flee:0,No preference.,0.8064516129032258,0.1935483870967742,0.2903225806451613,2.4838709677419355,0.8387096774193549,0.16770186335403728,0.967741935483871
13500,follow,31,56.54838709677419,58,14,4,1.7191413237924864,follow:25,Follow the smallest red vehicle nearby.,0.7419354838709677,1.0,1.8387096774193548,5.741935483870968,1.0,0.6774461028192371,0.967741935483871
13500,wander,31,56.54838709677419,58,14,3,1.567699836867863,wander:3,Stay near where you last found food.,0.7741935483870968,0.22580645161290322,0.22580645161290322,7.0,1.0,0.6584564860426929,1.0
13500,rest,31,56.54838709677419,58,14,1,1.0,rest:16,No banana.,1.0,1.0,2.0,2.0,0.0,,0.0
13500,mate,31,56.54838709677419,58,14,3,1.981443298969072,mate:1,Look for a partner when energy is high.,0.6451612903225806,0.3548387096774194,0.3548387096774194,8.0,1.0,0.9025210084033614,1.0
13500,attack,31,56.54838709677419,58,14,1,1.0,attack:1,Never fight.,1.0,0.0,0.0,2.0,1.0,,1.0
13500,risk,31,56.54838709677419,58,14,5,1.626057529610829,risk:0,No particular temperament.,0.7741935483870968,0.22580645161290322,0.2903225806451613,2.838709677419355,0.967741935483871,0.3675675675675676,0.0
13500,social,31,56.54838709677419,58,14,2,1.0665926748057712,social:15,Loner: enjoys community.,0.967741935483871,0.967741935483871,1.935483870967742,3.064516129032258,0.03225806451612903,0.0,1.0
13500,place,31,56.54838709677419,58,14,3,1.3004059539918809,place:0,No particular temperament.,0.8709677419354839,0.12903225806451613,0.12903225806451613,2.935483870967742,1.0,0.536036036036036,0.0
14000,eat,30,58.43333333333333,60,14,2,1.0688836104513064,eat:15,Only look for water when energy is low.,0.9666666666666667,1.0,1.0333333333333334,8.0,1.0,0.6,0.0
14000,flee,30,58.43333333333333,60,14,3,1.6853932584269664,flee:0,No preference.,0.7333333333333333,0.26666666666666666,0.26666666666666666,1.9666666666666666,0.9666666666666667,0.8415300546448088,0.7666666666666667
14000,follow,30,58.43333333333333,60,14,4,2.4861878453038675,follow:8,Follow the smallest vehicle nearby.,0.5666666666666667,1.0,1.4666666666666666,5.233333333333333,1.0,0.6325544344131705,0.7931034482758621
14000,wander,30,58.43333333333333,60,14,4,1.8672199170124486,wander:3,Stay near where you last found food.,0.7,0.3,0.3333333333333333,7.0,1.0,0.6290726817042607,1.0
14000,rest,30,58.43333333333333,60,14,2,1.0688836104513064,rest:16,No banana.,0.9666666666666667,1.0,2.033333333333333,2.0,0.0,0.0,0.0
14000,mate,30,58.43333333333333,60,14,2,1.7241379310344829,mate:1,Look for a partner when energy is high.,0.7,0.3,0.3,8.0,1.0,1.0,1.0
14000,attack,30,58.43333333333333,60,14,1,1.0,attack:1,Never fight.,1.0,0.0,0.0,2.0,1.0,,1.0
14000,risk,30,58.43333333333333,60,14,3,1.8218623481781377,risk:0,No particular temperament.,0.7,0.3,0.5333333333333333,2.7,1.0,0.5344827586206896,0.0
14000,social,30,58.43333333333333,60,14,3,1.5901060070671378,social:15,Loner: enjoys community.,0.7666666666666667,0.8,1.5666666666666667,3.466666666666667,0.23333333333333334,0.007185628742514971,1.0
14000,place,30,58.43333333333333,60,14,4,1.525423728813559,place:0,No particular temperament.,0.8,0.2,0.26666666666666666,3.033333333333333,0.9333333333333333,0.4774193548387097,0.06896551724137931
14500,eat,28,60.82142857142857,63,14,3,1.1563421828908556,eat:15,Only look for water when energy is low.,0.9285714285714286,1.0,1.0714285714285714,8.0,1.0,0.7962264150943397,0.0
14500,flee,28,60.82142857142857,63,14,4,1.9797979797979797,flee:0,No preference.,0.6785714285714286,0.32142857142857145,0.32142857142857145,1.8928571428571428,0.8571428571428571,0.4896907216494845,0.8148148148148148
14500,follow,28,60.82142857142857,63,14,3,2.9696969696969697,follow:18,Follow the largest vehicle nearby.,0.35714285714285715,1.0,1.6428571428571428,5.285714285714286,1.0,0.6307692307692307,0.6428571428571429
14500,wander,28,60.82142857142857,63,14,2,1.5076923076923079,wander:3,Stay near where you last found food.,0.7857142857142857,0.21428571428571427,0.21428571428571427,7.0,1.0,0.6666666666666666,1.0
14500,rest,28,60.82142857142857,63,14,3,1.2444444444444445,rest:16,No banana.,0.8928571428571429,1.0,2.107142857142857,2.5,0.0,0.0,0.0
14500,mate,28,60.82142857142857,63,14,2,1.8490566037735847,mate:1,Look for a partner when energy is high.,0.6428571428571429,0.35714285714285715,0.35714285714285715,8.0,1.0,1.0,1.0
14500,attack,28,60.82142857142857,63,14,3,1.1563421828908556,attack:1,Never fight.,0.9285714285714286,0.07142857142857142,0.07142857142857142,2.0,0.9285714285714286,0.0,0.9285714285714286
14500,risk,28,60.82142857142857,63,14,3,2.375757575757576,risk:0,No particular temperament.,0.5714285714285714,0.42857142857142855,0.6785714285714286,2.5714285714285716,1.0,0.5770925110132159,0.0
14500,social,28,60.82142857142857,63,14,5,2.780141843971631,social:15,Loner: enjoys community.,0.5357142857142857,0.8571428571428571,1.4642857142857142,3.7142857142857144,0.39285714285714285,0.08366533864541832,1.0
14500,place,28,60.82142857142857,63,14,5,1.5870445344129556,place:0,No particular temperament.,0.7857142857142857,0.21428571428571427,0.2857142857142857,3.0,0.9285714285714286,0.41954022988505746,0.07692307692307693
15000,eat,25,63.64,65,14,1,1.0,eat:15,Only look for water when energy is low.,1.0,1.0,1.0,8.0,1.0,,0.0
15000,flee,25,63.64,65,14,3,1.177024482109228,flee:0,No preference.,0.92,0.08,0.08,1.96,0.96,0.48936170212765956,0.96
15000,follow,25,63.64,65,14,3,2.934272300469483,follow:25,Follow the smallest red vehicle nearby.,0.4,1.0,1.72,5.4,1.0,0.629126213592233,0.68
15000,wander,25,63.64,65,14,3,2.147766323024055,wander:3,Stay near where you last found food.,0.52,0.48,0.48,7.0,1.0,0.6926147704590818,1.0
15000,rest,25,63.64,65,14,2,1.5743073047858942,rest:16,No banana.,0.76,1.0,2.24,2.96,0.0,0.0,0.0
15000,mate,25,63.64,65,14,4,2.51004016064257,mate:34,Look partner for a when energy is high.,0.56,0.76,0.8,8.0,1.0,0.8212765957446809,1.0
15000,attack,25,63.64,65,14,2,1.0831889081455806,attack:1,Never fight.,0.96,0.04,0.04,2.0,0.96,0.0,1.0
15000,risk,25,63.64,65,14,3,1.6149870801033592,risk:0,No particular temperament.,0.76,0.24,0.44,2.76,1.0,0.5210084033613446,0.0
15000,social,25,63.64,65,14,4,2.3584905660377355,social:15,Loner: enjoys community.,0.56,0.96,1.68,3.8,0.36,0.16444444444444445,1.0
15000,place,25,63.64,65,14,2,1.2677484787018256,place:0,No particular temperament.,0.88,0.12,0.12,3.12,1.0,0.6666666666666666,0.0
15500,eat,24,65.625,67,14,2,1.0867924528301884,eat:15,Only look for water when energy is low.,0.9583333333333334,0.9583333333333334,0.9583333333333334,8.0,1.0,0.6,0.041666666666666664
15500,flee,24,65.625,67,14,3,1.540106951871658,flee:0,No preference.,0.7916666666666666,0.20833333333333334,0.20833333333333334,1.9166666666666667,0.9166666666666666,0.5643564356435643,0.875
15500,follow,24,65.625,67,14,3,2.9690721649484533,follow:25,Follow the smallest red vehicle nearby.,0.375,1.0,1.6666666666666667,5.375,1.0,0.6424083769633508,0.7083333333333334
15500,wander,24,65.625,67,14,2,1.28,wander:27,Stay near where you last found bicycle.,0.875,0.875,0.875,7.0,1.0,0.6666666666666666,1.0
15500,rest,24,65.625,67,14,2,1.9862068965517246,rest:16,No banana.,0.5416666666666666,1.0,2.4583333333333335,3.8333333333333335,0.0,0.0,0.0
15500,mate,24,65.625,67,14,3,2.796116504854369,mate:39,Look for a teammate when energy is high.,0.4583333333333333,1.0,1.2916666666666667,8.0,1.0,0.6908108108108107,1.0
15500,attack,24,65.625,67,14,1,1.0,attack:1,Never fight.,1.0,0.0,0.0,2.0,1.0,,1.0
15500,risk,24,65.625,67,14,5,3.469879518072289,risk:0,No particular temperament.,0.4166666666666667,0.5833333333333334,0.875,2.5,1.0,0.5471544715447154,0.0
15500,social,24,65.625,67,14,2,2.0,social:15,Loner: enjoys community.,0.5,1.0,1.5,4.0,0.5,0.0,1.0
15500,place,24,65.625,67,14,2,1.28,place:0,No particular temperament.,0.875,0.125,0.125,3.125,0.875,0.0,0.0
16000,eat,29,68.37931034482759,70,14,3,1.1504787961696308,eat:15,Only look for water when energy is low.,0.9310344827586207,1.0,1.0689655172413792,8.0,1.0,0.46077922077922073,0.03571428571428571
16000,flee,29,68.37931034482759,70,14,4,1.2385861561119291,flee:0,No preference.,0.896551724137931,0.10344827586206896,0.10344827586206896,1.9655172413793103,0.9310344827586207,0.0,0.9642857142857143
16000,follow,29,68.37931034482759,70,14,3,2.466275659824047,follow:18,Follow the largest vehicle nearby.,0.5517241379310345,1.0,1.7586206896551724,5.206896551724138,1.0,0.5952000000000001,0.4482758620689655
16000,wander,29,68.37931034482759,70,14,1,1.0,wander:27,Stay near where you last found bicycle.,1.0,1.0,1.0,7.0,1.0,,1.0
16000,rest,29,68.37931034482759,70,14,2,1.9422632794457277,rest:16,No banana.,0.5862068965517241,1.0,2.413793103448276,3.6551724137931036,0.0,0.0,0.0
16000,mate,29,68.37931034482759,70,14,3,2.0972568578553616,mate:39,Look for a teammate when energy is high.,0.5517241379310345,1.0,1.0344827586206897,7.9655172413793105,1.0,0.6,0.9655172413793104
16000,attack,29,68.37931034482759,70,14,1,1.0,attack:1,Never fight.,1.0,0.0,0.0,2.0,1.0,,1.0
16000,risk,29,68.37931034482759,70,14,6,1.997624703087886,risk:0,No particular temperament.,0.6896551724137931,0.3103448275862069,0.3448275862068966,2.9310344827586206,1.0,0.40634920634920635,0.0
16000,social,29,68.37931034482759,70,14,3,2.1399491094147582,social:15,Loner: enjoys community.,0.4827586206896552,1.0,1.5517241379310345,3.9655172413793105,0.4827586206896552,0.03125,1.0
16000,place,29,68.37931034482759,70,14,4,1.9695550351288058,place:0,No particular temperament.,0.6551724137931034,0.3448275862068966,0.3448275862068966,3.2758620689655173,0.7241379310344828,0.12399355877616748,0.03571428571428571
16500,eat,31,70.25806451612904,72,14,2,1.0665926748057712,eat:15,Only look for water when energy is low.,0.967741935483871,1.0,1.032258064516129,8.0,1.0,0.3333333333333333,0.03225806451612903
16500,flee,31,70.25806451612904,72,14,6,1.750455373406193,flee:0,No preference.,0.7419354838709677,0.25806451612903225,0.25806451612903225,1.967741935483871,0.9354838709677419,0.16990291262135923,0.8666666666666667
16500,follow,31,70.25806451612904,72,14,4,1.9896480331262942,follow:18,Follow the largest vehicle nearby.,0.6451612903225806,1.0,2.0,5.387096774193548,1.0,0.4704323570432357,0.3333333333333333
16500,wander,31,70.25806451612904,72,14,2,1.0665926748057712,wander:27,Stay near where you last found bicycle.,0.967741935483871,1.0,1.032258064516129,7.064516129032258,1.0,0.25,1.0
16500,rest,31,70.25806451612904,72,14,2,1.9814432989690725,rest:16,No banana.,0.5483870967741935,1.0,2.4516129032258065,3.806451612903226,0.0,0.0,0.0
16500,mate,31,70.25806451612904,72,14,4,2.7855072463768114,mate:34,Look partner for a when energy is high.,0.4838709677419355,1.0,1.1935483870967742,8.064516129032258,1.0,0.6093073593073592,0.9354838709677419
16500,attack,31,70.25806451612904,72,14,1,1.0,attack:1,Never fight.,1.0,0.0,0.0,2.0,1.0,,1.0
16500,risk,31,70.25806451612904,72,14,5,2.7070422535211267,risk:0,No particular temperament.,0.5161290322580645,0.4838709677419355,0.5161290322580645,3.6451612903225805,0.967741935483871,0.3201320132013201,0.0
16500,social,31,70.25806451612904,72,14,4,2.2718676122931445,social:33,Solitary: desires to be hidden.,0.4838709677419355,1.0,1.5161290322580645,4.096774193548387,0.5483870967741935,0.027881040892193308,1.0
16500,place,31,70.25806451612904,72,14,2,1.902970297029703,place:0,No particular temperament.,0.6129032258064516,0.3870967741935484,0.3870967741935484,3.3870967741935485,0.6129032258064516,0.0,0.0
17000,eat,26,72.42307692307692,74,14,1,1.0,eat:15,Only look for water when energy is low.,1.0,1.0,1.0,8.0,1.0,,0.0
17000,flee,26,72.42307692307692,74,14,3,1.5868544600938967,flee:0,No preference.,0.7692307692307693,0.23076923076923078,0.23076923076923078,2.1923076923076925,1.0,0.58,1.0
17000,follow,26,72.42307692307692,74,14,4,1.7422680412371137,follow:18,Follow the largest vehicle nearby.,0.7307692307692307,1.0,2.076923076923077,5.384615384615385,0.9230769230769231,0.33371913580246915,0.20833333333333334
17000,wander,26,72.42307692307692,74,14,2,1.1655172413793102,wander:27,Stay near where you last found bicycle.,0.9230769230769231,1.0,1.0769230769230769,7.153846153846154,1.0,0.25,1.0
17000,rest,26,72.42307692307692,74,14,3,1.6095238095238094,rest:31,The moon is allergic to geometry.,0.7692307692307693,1.0,2.923076923076923,5.384615384615385,0.0,0.15625,0.0
17000,mate,26,72.42307692307692,74,14,4,1.7696335078534036,mate:34,Look partner for a when energy is high.,0.7307692307692307,1.0,1.1923076923076923,8.115384615384615,1.0,0.7551020408163265,1.0
17000,attack,26,72.42307692307692,74,14,2,1.2565055762081785,attack:1,Never fight.,0.8846153846153846,0.11538461538461539,0.11538461538461539,2.0,1.0,1.0,1.0
17000,risk,26,72.42307692307692,74,14,3,2.704,risk:0,No particular temperament.,0.46153846153846156,0.5384615384615384,0.5384615384615384,3.6923076923076925,0.8076923076923077,0.16901408450704225,0.0
17000,social,26,72.42307692307692,74,14,5,3.10091743119266,social:15,Loner: enjoys community.,0.38461538461538464,1.0,1.6538461538461537,4.115384615384615,0.5769230769230769,0.050946142649199416,1.0
17000,place,26,72.42307692307692,74,14,3,2.1528662420382165,place:37,Not a specific disposition.,0.5,0.5384615384615384,0.5769230769230769,3.5,0.46153846153846156,0.0718232044198895,0.0
17500,eat,28,74.39285714285714,76,14,3,1.1563421828908556,eat:15,Only look for water when energy is low.,0.9285714285714286,1.0,1.0714285714285714,8.0,1.0,0.5949685534591195,0.03571428571428571
17500,flee,28,74.39285714285714,76,14,2,1.6,flee:0,No preference.,0.75,0.25,0.25,2.25,1.0,0.5,1.0
17500,follow,28,74.39285714285714,76,14,4,1.7899543378995435,follow:18,Follow the largest vehicle nearby.,0.7142857142857143,1.0,2.0357142857142856,5.285714285714286,0.9642857142857143,0.4277456647398844,0.25925925925925924
17500,wander,28,74.39285714285714,76,14,4,2.1777777777777776,wander:27,Stay near where you last found bicycle.,0.6428571428571429,1.0,1.3571428571428572,7.5,1.0,0.5047169811320755,0.8571428571428571
17500,rest,28,74.39285714285714,76,14,4,2.780141843971631,rest:31,The moon is allergic to geometry.,0.4642857142857143,1.0,2.8214285714285716,4.5,0.0,0.12310756972111553,0.0
17500,mate,28,74.39285714285714,76,14,4,2.074074074074074,mate:34,Look partner for a when energy is high.,0.6428571428571429,1.0,1.2857142857142858,8.214285714285714,1.0,0.7596059113300494,1.0
17500,attack,28,74.39285714285714,76,14,2,1.2365930599369086,attack:1,Never fight.,0.8928571428571429,0.10714285714285714,0.10714285714285714,2.0,1.0,1.0,1.0
17500,risk,28,74.39285714285714,76,14,3,2.265895953757225,risk:0,No particular temperament.,0.5714285714285714,0.42857142857142855,0.42857142857142855,3.642857142857143,0.8928571428571429,0.2191780821917808,0.0
17500,social,28,74.39285714285714,76,14,5,3.6296296296296293,social:15,Loner: enjoys community.,0.32142857142857145,1.0,1.7857142857142858,4.142857142857143,0.6071428571428571,0.051056338028169015,1.0
17500,place,28,74.39285714285714,76,14,3,2.1657458563535914,place:37,Not a specific disposition.,0.6071428571428571,0.7142857142857143,0.8214285714285714,3.607142857142857,0.2857142857142857,0.24170616113744076,0.0
18000,eat,34,77.05882352941177,79,14,3,1.4271604938271605,eat:15,Only look for water when energy is low.,0.8235294117647058,1.0,1.1764705882352942,8.0,1.0,0.5436278557665841,0.15151515151515152
18000,flee,34,77.05882352941177,79,14,3,1.6145251396648046,flee:0,No preference.,0.7647058823529411,0.23529411764705882,0.23529411764705882,2.411764705882353,0.9411764705882353,0.35454545454545455,0.9411764705882353
18000,follow,34,77.05882352941177,79,14,4,2.117216117216117,follow:18,Follow the largest vehicle nearby.,0.5882352941176471,1.0,2.0588235294117645,5.411764705882353,0.9705882352941176,0.4524590163934426,0.375
18000,wander,34,77.05882352941177,79,14,2,1.3348729792147804,wander:27,Stay near where you last found bicycle.,0.8529411764705882,1.0,1.1470588235294117,7.147058823529412,1.0,0.25,1.0
18000,rest,34,77.05882352941177,79,14,5,3.5030303030303025,rest:16,No banana.,0.35294117647058826,1.0,2.9705882352941178,4.470588235294118,0.0,0.1493946731234867,0.0
18000,mate,34,77.05882352941177,79,14,3,1.9202657807308967,mate:34,Look partner for a when energy is high.,0.6764705882352942,1.0,1.088235294117647,8.088235294117647,1.0,0.6411552346570397,1.0
18000,attack,34,77.05882352941177,79,14,2,1.0605504587155965,attack:1,Never fight.,0.9705882352941176,0.029411764705882353,0.029411764705882353,2.0,0.9705882352941176,0.0,1.0
18000,risk,34,77.05882352941177,79,14,3,2.663594470046083,risk:0,No particular temperament.,0.5,0.5,0.5,3.4705882352941178,0.7352941176470589,0.12557710064635272,0.0
18000,social,34,77.05882352941177,79,14,6,3.567901234567901,social:15,Loner: enjoys community.,0.38235294117647056,1.0,1.7941176470588236,4.176470588235294,0.6176470588235294,0.03108974358974359,1.0
18000,place,34,77.05882352941177,79,14,5,2.2755905511811023,place:37,Not a specific disposition.,0.5588235294117647,0.6470588235294118,0.6764705882352942,3.5588235294117645,0.38235294117647056,0.11625514403292181,0.0
18500,eat,26,79.15384615384616,81,14,4,2.3802816901408455,eat:15,Only look for water when energy is low.,0.5769230769230769,1.0,1.4230769230769231,8.0,1.0,0.40408163265306124,0.4
18500,flee,26,79.15384615384616,81,14,2,1.4506437768240341,flee:0,No preference.,0.8076923076923077,0.19230769230769232,0.19230769230769232,2.1923076923076925,1.0,0.5,1.0
18500,follow,26,79.15384615384616,81,14,3,1.807486631016043,follow:18,Follow the largest vehicle nearby.,0.6923076923076923,1.0,2.0384615384615383,5.423076923076923,1.0,0.41721854304635764,0.28
18500,wander,26,79.15384615384616,81,14,2,1.0798722044728435,wander:27,Stay near where you last found bicycle.,0.9615384615384616,1.0,1.0384615384615385,7.038461538461538,1.0,0.25,1.0
18500,rest,26,79.15384615384616,81,14,5,3.930232558139535,rest:16,No banana.,0.34615384615384615,1.0,3.0,4.3076923076923075,0.0,0.1421957671957672,0.0
18500,mate,26,79.15384615384616,81,14,5,2.640625,mate:34,Look partner for a when energy is high.,0.5384615384615384,1.0,1.1923076923076923,7.653846153846154,1.0,0.5476190476190477,1.0
18500,attack,26,79.15384615384616,81,14,2,1.2565055762081785,attack:1,Never fight.,0.8846153846153846,0.11538461538461539,0.11538461538461539,2.0,0.8846153846153846,0.0,1.0
18500,risk,26,79.15384615384616,81,14,3,2.0864197530864197,risk:0,No particular temperament.,0.6153846153846154,0.38461538461538464,0.38461538461538464,3.6153846153846154,0.9230769230769231,0.2424242424242424,0.0
18500,social,26,79.15384615384616,81,14,4,2.964912280701754,social:15,Loner: enjoys community.,0.46153846153846156,1.0,1.6923076923076923,4.076923076923077,0.5384615384615384,0.07142857142857142,1.0
18500,place,26,79.15384615384616,81,14,6,3.38,place:0,No particular temperament.,0.38461538461538464,0.6153846153846154,0.6538461538461539,3.3846153846153846,0.46153846153846156,0.12605042016806722,0.041666666666666664
19000,eat,34,81.41176470588235,84,14,4,2.615384615384615,eat:15,Only look for water when energy is low.,0.5294117647058824,1.0,1.5,8.0,1.0,0.253781512605042,0.45454545454545453
19000,flee,34,81.41176470588235,84,14,4,2.172932330827068,flee:0,No preference.,0.5588235294117647,0.4411764705882353,0.4411764705882353,2.3823529411764706,0.9705882352941176,0.4775641025641026,0.9696969696969697
19000,follow,34,81.41176470588235,84,14,2,1.1245136186770428,follow:18,Follow the largest vehicle nearby.,0.9411764705882353,1.0,2.0,5.0588235294117645,1.0,0.5,0.058823529411764705
19000,wander,34,81.41176470588235,84,14,4,1.6373937677053827,wander:27,Stay near where you last found bicycle.,0.7647058823529411,1.0,1.2352941176470589,7.235294117647059,1.0,0.89,0.9411764705882353
19000,rest,34,81.41176470588235,84,14,4,1.5291005291005293,rest:16,No banana.,0.7941176470588235,1.0,2.3823529411764706,2.5588235294117645,0.0,0.004166666666666667,0.0
19000,mate,34,81.41176470588235,84,14,6,2.064285714285714,mate:34,Look partner for a when energy is high.,0.6764705882352942,1.0,1.2941176470588236,8.058823529411764,1.0,0.5668264621284755,1.0
19000,attack,34,81.41176470588235,84,14,1,1.0,attack:1,Never fight.,1.0,0.0,0.0,2.0,1.0,,1.0
19000,risk,34,81.41176470588235,84,14,3,1.4271604938271605,risk:0,No particular temperament.,0.8235294117647058,0.17647058823529413,0.17647058823529413,3.2941176470588234,0.9705882352941176,0.2697495183044316,0.0
19000,social,34,81.41176470588235,84,14,4,1.5413333333333334,social:33,Solitary: desires to be hidden.,0.7941176470588235,1.0,1.2058823529411764,4.823529411764706,0.8823529411764706,0.26995073891625615,1.0
19000,place,34,81.41176470588235,84,14,5,2.181132075471698,place:37,Not a specific disposition.,0.6470588235294118,0.8529411764705882,0.8823529411764706,3.676470588235294,0.20588235294117646,0.13205537806176781,0.06060606060606061
19500,eat,25,83.72,86,14,2,1.5743073047858942,eat:15,Only look for water when energy is low.,0.76,1.0,1.24,8.0,1.0,0.6,0.24
19500,flee,25,83.72,86,14,2,1.675603217158177,flee:0,No preference.,0.72,0.28,0.28,2.28,1.0,0.5,1.0
19500,follow,25,83.72,86,14,3,1.177024482109228,follow:18,Follow the largest vehicle nearby.,0.92,1.0,2.0,5.0,1.0,0.7957446808510638,0.041666666666666664
19500,wander,25,83.72,86,14,2,1.172607879924953,wander:27,Stay near where you last found bicycle.,0.92,1.0,1.08,7.08,1.0,1.0,1.0
19500,rest,25,83.72,86,14,4,2.9904306220095696,rest:16,No banana.,0.48,1.0,2.96,3.56,0.0,0.02403846153846154,0.0
19500,mate,25,83.72,86,14,7,3.3783783783783785,mate:34,Look partner for a when energy is high.,0.48,1.0,1.48,7.8,1.0,0.5548917748917749,1.0
19500,attack,25,83.72,86,14,2,1.172607879924953,attack:1,Never fight.,0.92,0.08,0.08,2.0,1.0,1.0,1.0
19500,risk,25,83.72,86,14,2,1.0831889081455806,risk:0,No particular temperament.,0.96,0.04,0.04,3.0,1.0,0.3333333333333333,0.0
19500,social,25,83.72,86,14,3,1.6149870801033592,social:33,Solitary: desires to be hidden.,0.76,1.0,1.24,4.64,0.8,0.11974789915966387,1.0
19500,place,25,83.72,86,14,5,2.240143369175627,place:37,Not a specific disposition.,0.64,0.88,0.88,3.64,0.2,0.10982658959537572,0.08333333333333333
20000,eat,23,86.26086956521739,88,14,2,1.8304498269896194,eat:15,Only look for water when energy is low.,0.6521739130434783,1.0,1.3478260869565217,8.0,1.0,0.6,0.34782608695652173
20000,flee,23,86.26086956521739,88,14,4,1.7231270358306192,flee:0,No preference.,0.7391304347826086,0.2608695652173913,0.2608695652173913,2.130434782608696,0.9565217391304348,0.4774774774774775,0.9565217391304348
20000,follow,23,86.26086956521739,88,14,2,1.090721649484536,follow:18,Follow the largest vehicle nearby.,0.9565217391304348,1.0,2.0434782608695654,5.0,1.0,1.0,0.0
20000,wander,23,86.26086956521739,88,14,1,1.0,wander:27,Stay near where you last found bicycle.,1.0,1.0,1.0,7.0,1.0,,1.0
20000,rest,23,86.26086956521739,88,14,4,2.5555555555555554,rest:16,No banana.,0.4782608695652174,1.0,3.0,3.5217391304347827,0.0,0.018633540372670808,0.0
20000,mate,23,86.26086956521739,88,14,5,3.245398773006135,mate:34,Look partner for a when energy is high.,0.4782608695652174,1.0,1.5217391304347827,7.608695652173913,1.0,0.4756180067655478,1.0
20000,attack,23,86.26086956521739,88,14,2,1.090721649484536,attack:1,Never fight.,0.9565217391304348,0.043478260869565216,0.043478260869565216,2.0,1.0,1.0,1.0
20000,risk,23,86.26086956521739,88,14,1,1.0,risk:0,No particular temperament.,1.0,0.0,0.0,3.0,1.0,,0.0
20000,social,23,86.26086956521739,88,14,2,1.627692307692308,social:33,Solitary: desires to be hidden.,0.7391304347826086,1.0,1.2608695652173914,4.478260869565218,0.7391304347826086,0.0,1.0
20000,place,23,86.26086956521739,88,14,3,2.2320675105485233,place:37,Not a specific disposition.,0.5652173913043478,1.0,1.0,3.5652173913043477,0.08695652173913043,0.2374429223744292,0.08695652173913043
20500,eat,13,88.07692307692308,90,14,1,1.0,eat:15,Only look for water when energy is low.,1.0,1.0,1.0,8.0,1.0,,0.0
20500,flee,13,88.07692307692308,90,14,2,1.352,flee:0,No preference.,0.8461538461538461,0.15384615384615385,0.15384615384615385,2.1538461538461537,1.0,0.5,1.0
20500,follow,13,88.07692307692308,90,14,1,1.0,follow:18,Follow the largest vehicle nearby.,1.0,1.0,2.0,5.0,1.0,,0.0
20500,wander,13,88.07692307692308,90,14,1,1.0,wander:27,Stay near where you last found bicycle.,1.0,1.0,1.0,7.0,1.0,,1.0
20500,rest,13,88.07692307692308,90,14,2,1.898876404494382,rest:37,Geometry makes the moon sneeze.,0.6153846153846154,1.0,3.230769230769231,3.8461538461538463,0.0,0.0,0.0
20500,mate,13,88.07692307692308,90,14,5,2.7704918032786883,mate:34,Look partner for a when energy is high.,0.5384615384615384,1.0,1.6923076923076923,7.538461538461538,0.7692307692307693,0.2236552028218695,0.75
20500,attack,13,88.07692307692308,90,14,2,1.1655172413793102,attack:1,Never fight.,0.9230769230769231,0.07692307692307693,0.07692307692307693,2.0,0.9230769230769231,0.0,0.9230769230769231
20500,risk,13,88.07692307692308,90,14,2,1.352,risk:0,No particular temperament.,0.8461538461538461,0.15384615384615385,0.15384615384615385,3.0,0.8461538461538461,0.0,0.0
20500,social,13,88.07692307692308,90,14,2,1.898876404494382,social:33,Solitary: desires to be hidden.,0.6153846153846154,1.0,1.3846153846153846,4.230769230769231,0.6153846153846154,0.0,1.0
20500,place,13,88.07692307692308,90,14,4,2.253333333333333,place:37,Not a specific disposition.,0.6153846153846154,1.0,1.0769230769230769,3.6153846153846154,0.23076923076923078,0.06382978723404255,0.23076923076923078
21000,eat,23,89.8695652173913,91,14,2,1.090721649484536,eat:15,Only look for water when energy is low.,0.9565217391304348,1.0,1.0434782608695652,8.130434782608695,1.0,0.5,0.0
21000,flee,23,89.8695652173913,91,14,3,1.306172839506173,flee:0,No preference.,0.8695652173913043,0.13043478260869565,0.13043478260869565,2.130434782608696,1.0,0.4946236559139785,1.0
21000,follow,23,89.8695652173913,91,14,1,1.0,follow:18,Follow the largest vehicle nearby.,1.0,1.0,2.0,5.0,1.0,,0.0
21000,wander,23,89.8695652173913,91,14,1,1.0,wander:27,Stay near where you last found bicycle.,1.0,1.0,1.0,7.0,1.0,,1.0
21000,rest,23,89.8695652173913,91,14,4,2.2900432900432897,rest:37,Geometry makes the moon sneeze.,0.6086956521739131,1.0,3.4782608695652173,4.0,0.043478260869565216,0.07516778523489934,0.0
21000,mate,23,89.8695652173913,91,14,3,1.5513196480938416,mate:34,Look partner for a when energy is high.,0.782608695652174,1.0,1.391304347826087,7.782608695652174,0.8260869565217391,0.0,0.8181818181818182
21000,attack,23,89.8695652173913,91,14,2,1.090721649484536,attack:1,Never fight.,0.9565217391304348,0.043478260869565216,0.043478260869565216,2.0434782608695654,1.0,0.5,1.0
21000,risk,23,89.8695652173913,91,14,2,1.1887640449438204,risk:0,No particular temperament.,0.9130434782608695,0.08695652173913043,0.08695652173913043,3.0,0.9130434782608695,0.0,0.0
21000,social,23,89.8695652173913,91,14,4,2.3303964757709252,social:33,Solitary: desires to be hidden.,0.5217391304347826,1.0,1.5217391304347827,4.173913043478261,0.5652173913043478,0.039735099337748346,0.9545454545454546
21000,place,23,89.8695652173913,91,14,3,2.1244979919678713,place:38,No particular temperature.,0.6086956521739131,1.0,1.0869565217391304,3.3043478260869565,0.6086956521739131,0.0,0.6086956521739131
21500,eat,29,92.13793103448276,94,14,1,1.0,eat:15,Only look for water when energy is low.,1.0,1.0,1.0,8.0,1.0,,0.0
21500,flee,29,92.13793103448276,94,14,2,1.3120124804992201,flee:0,No preference.,0.8620689655172413,0.13793103448275862,0.13793103448275862,2.1379310344827585,1.0,0.5,1.0
21500,follow,29,92.13793103448276,94,14,1,1.0,follow:18,Follow the largest vehicle nearby.,1.0,1.0,2.0,5.0,1.0,,0.0
21500,wander,29,92.13793103448276,94,14,3,1.324409448818898,wander:27,Stay near where you last found bicycle.,0.8620689655172413,1.0,1.1379310344827587,7.275862068965517,1.0,0.6296809986130375,1.0
21500,rest,29,92.13793103448276,94,14,3,2.279132791327913,rest:16,No banana.,0.4827586206896552,1.0,2.9655172413793105,3.3448275862068964,0.0,0.0,0.0
21500,mate,29,92.13793103448276,94,14,3,1.7484407484407485,mate:34,Look partner for a when energy is high.,0.7241379310344828,1.0,1.4827586206896552,7.724137931034483,0.7931034482758621,0.0,0.7777777777777778
21500,attack,29,92.13793103448276,94,14,2,1.1473396998635743,attack:1,Never fight.,0.9310344827586207,0.06896551724137931,0.06896551724137931,2.0,0.9310344827586207,0.0,0.9310344827586207
21500,risk,29,92.13793103448276,94,14,3,1.418212478920742,risk:0,No particular temperament.,0.8275862068965517,0.1724137931034483,0.1724137931034483,3.0344827586206895,0.8620689655172413,0.12903225806451613,0.0
21500,social,29,92.13793103448276,94,14,4,3.014336917562724,social:15,Loner: enjoys community.,0.3793103448275862,1.0,1.6206896551724137,4.448275862068965,0.6206896551724138,0.14768683274021352,0.7931034482758621
21500,place,29,92.13793103448276,94,14,3,1.6142034548944342,place:38,No particular temperature.,0.7586206896551724,1.0,1.0344827586206897,3.206896551724138,0.7586206896551724,0.0,0.7586206896551724
22000,eat,20,94.85,97,14,2,1.1049723756906078,eat:15,Only look for water when energy is low.,0.95,1.0,1.05,8.0,1.0,0.6,0.05
22000,flee,20,94.85,97,14,2,1.1049723756906078,flee:0,No preference.,0.95,0.05,0.05,2.05,1.0,0.5,1.0
22000,follow,20,94.85,97,14,2,1.1049723756906078,follow:18,Follow the largest vehicle nearby.,0.95,1.0,1.95,5.0,1.0,0.6,0.05
22000,wander,20,94.85,97,14,4,2.040816326530612,wander:27,Stay near where you last found bicycle.,0.65,1.0,1.35,7.75,0.95,0.5196078431372548,0.9473684210526315
22000,rest,20,94.85,97,14,4,2.380952380952381,rest:16,No banana.,0.6,1.0,2.6,2.6,0.0,0.0,0.0
22000,mate,20,94.85,97,14,2,1.8348623853211008,mate:57,A salad is hiding under a bicycle.,0.65,1.0,2.3,7.35,0.35,0.0,0.35
22000,attack,20,94.85,97,14,2,1.1049723756906078,attack:1,Never fight.,0.95,0.05,0.05,2.0,0.95,0.0,0.95
22000,risk,20,94.85,97,14,3,1.680672268907563,risk:0,No particular temperament.,0.75,0.25,0.25,3.3,0.75,0.018518518518518517,0.0
22000,social,20,94.85,97,14,5,2.702702702702702,social:33,Solitary: desires to be hidden.,0.55,1.0,1.5,4.8,0.75,0.15317460317460319,0.8421052631578947
22000,place,20,94.85,97,14,3,1.360544217687075,place:38,No particular temperature.,0.85,1.0,1.05,3.25,0.85,0.0,0.8947368421052632
22500,eat,21,97.66666666666667,99,14,4,1.494915254237288,eat:15,Only look for water when energy is low.,0.8095238095238095,1.0,1.1904761904761905,7.9523809523809526,1.0,0.6194063926940638,0.1
22500,flee,21,97.66666666666667,99,14,1,1.0,flee:0,No preference.,1.0,0.0,0.0,2.0,1.0,,1.0
22500,follow,21,97.66666666666667,99,14,3,1.2148760330578512,follow:18,Follow the largest vehicle nearby.,0.9047619047619048,1.0,2.0,5.0476190476190474,1.0,0.694871794871795,0.05
22500,wander,21,97.66666666666667,99,14,4,2.6407185628742513,wander:27,Stay near where you last found bicycle.,0.5238095238095238,1.0,1.4761904761904763,7.857142857142857,1.0,0.7184567257559958,0.85
22500,rest,21,97.66666666666667,99,14,4,2.21608040201005,rest:16,No banana.,0.6190476190476191,1.0,2.619047619047619,2.8095238095238093,0.0,0.011019283746556472,0.0
22500,mate,21,97.66666666666667,99,14,2,1.9600000000000004,mate:57,A salad is hiding under a bicycle.,0.5714285714285714,1.0,2.142857142857143,7.428571428571429,0.42857142857142855,0.0,0.42857142857142855
22500,attack,21,97.66666666666667,99,14,2,1.2082191780821916,attack:1,Never fight.,0.9047619047619048,0.09523809523809523,0.09523809523809523,2.0952380952380953,1.0,0.5,1.0
22500,risk,21,97.66666666666667,99,14,2,1.2082191780821916,risk:0,No particular temperament.,0.9047619047619048,0.09523809523809523,0.09523809523809523,3.1904761904761907,0.9047619047619048,0.0,0.0
22500,social,21,97.66666666666667,99,14,4,3.5280000000000005,social:33,Solitary: desires to be hidden.,0.38095238095238093,1.0,1.7619047619047619,4.761904761904762,0.7142857142857143,0.1468354430379747,0.8095238095238095
22500,place,21,97.66666666666667,99,14,3,1.6153846153846156,place:38,No particular temperature.,0.7619047619047619,1.0,1.0476190476190477,3.1904761904761907,0.8095238095238095,0.06349206349206349,0.8095238095238095
23000,eat,25,99.08,100,14,2,1.0831889081455806,eat:15,Only look for water when energy is low.,0.96,1.0,1.04,8.0,1.0,0.6,0.04
23000,flee,25,99.08,100,14,2,1.0831889081455806,flee:0,No preference.,0.96,0.04,0.04,2.08,1.0,0.0,1.0
23000,follow,25,99.08,100,14,2,1.172607879924953,follow:18,Follow the largest vehicle nearby.,0.92,1.0,1.92,5.0,1.0,0.6,0.08
23000,wander,25,99.08,100,14,4,2.0096463022508035,wander:27,Stay near where you last found bicycle.,0.68,1.0,1.4,7.44,1.0,0.6842584167424932,0.88
23000,rest,25,99.08,100,14,3,1.9470404984423675,rest:16,No banana.,0.64,1.0,2.44,2.28,0.0,0.0,0.0
23000,mate,25,99.08,100,14,2,1.996805111821086,mate:57,A salad is hiding under a bicycle.,0.52,1.0,2.04,7.48,0.48,0.0,0.48
23000,attack,25,99.08,100,14,2,1.3676148796498908,attack:1,Never fight.,0.84,0.16,0.16,2.16,1.0,0.5,1.0
23000,risk,25,99.08,100,14,2,1.3676148796498908,risk:0,No particular temperament.,0.84,0.16,0.16,3.32,0.84,0.0,0.0
23000,social,25,99.08,100,14,5,3.654970760233918,social:33,Solitary: desires to be hidden.,0.4,1.0,1.72,4.96,0.8,0.17444933920704847,0.75
23000,place,25,99.08,100,14,3,1.177024482109228,place:38,No particular temperature.,0.92,1.0,1.04,3.12,0.92,0.0,0.9583333333333334
23500,eat,17,100.94117647058823,102,14,1,1.0,eat:15,Only look for water when energy is low.,1.0,1.0,1.0,8.0,1.0,,0.0
23500,flee,17,100.94117647058823,102,14,2,1.4097560975609755,flee:0,No preference.,0.8235294117647058,0.17647058823529413,0.17647058823529413,2.3529411764705883,1.0,0.0,1.0
23500,follow,17,100.94117647058823,102,14,1,1.0,follow:18,Follow the largest vehicle nearby.,1.0,1.0,2.0,5.0,1.0,,0.0
23500,wander,17,100.94117647058823,102,14,4,1.6514285714285715,wander:27,Stay near where you last found bicycle.,0.7647058823529411,1.0,1.2941176470588236,7.117647058823529,1.0,0.6422305764411027,0.8823529411764706
23500,rest,17,100.94117647058823,102,14,2,1.710059171597633,rest:16,No banana.,0.7058823529411765,1.0,2.2941176470588234,2.0,0.0,0.0,0.0
23500,mate,17,100.94117647058823,102,14,2,1.4097560975609755,mate:57,A salad is hiding under a bicycle.,0.8235294117647058,1.0,2.6470588235294117,7.176470588235294,0.17647058823529413,0.0,0.17647058823529413
23500,attack,17,100.94117647058823,102,14,2,1.2620087336244543,attack:1,Never fight.,0.8823529411764706,0.11764705882352941,0.11764705882352941,2.1176470588235294,1.0,0.5,1.0
23500,risk,17,100.94117647058823,102,14,2,1.2620087336244543,risk:0,No particular temperament.,0.8823529411764706,0.11764705882352941,0.11764705882352941,3.235294117647059,0.8823529411764706,0.0,0.0
23500,social,17,100.94117647058823,102,14,4,2.3884297520661155,social:33,Solitary: desires to be hidden.,0.5882352941176471,1.0,1.5294117647058822,5.235294117647059,0.9411764705882353,0.3047619047619048,0.7647058823529411
23500,place,17,100.94117647058823,102,14,1,1.0,place:38,No particular temperature.,1.0,1.0,1.0,3.0,1.0,,1.0
24000,eat,15,102.93333333333334,105,14,3,1.923076923076923,eat:15,Only look for water when energy is low.,0.6666666666666666,1.0,1.3333333333333333,8.066666666666666,1.0,0.30158730158730157,0.26666666666666666
24000,flee,15,102.93333333333334,105,14,3,2.7108433734939754,flee:0,No preference.,0.4666666666666667,0.5333333333333333,0.5333333333333333,2.8666666666666667,1.0,0.14788732394366197,1.0
24000,follow,15,102.93333333333334,105,14,1,1.0,follow:18,Follow the largest vehicle nearby.,1.0,1.0,2.0,5.0,1.0,,0.0
24000,wander,15,102.93333333333334,105,14,1,1.0,wander:27,Stay near where you last found bicycle.,1.0,1.0,1.0,7.0,1.0,,1.0
24000,rest,15,102.93333333333334,105,14,2,1.3005780346820808,rest:16,No banana.,0.8666666666666667,1.0,2.1333333333333333,2.1333333333333333,0.0,1.0,0.0
24000,mate,15,102.93333333333334,105,14,2,1.923076923076923,mate:57,A salad is hiding under a bicycle.,0.6,1.0,2.2,7.4,0.4,0.0,0.4
24000,attack,15,102.93333333333334,105,14,1,1.0,attack:1,Never fight.,1.0,0.0,0.0,2.0,1.0,,1.0
24000,risk,15,102.93333333333334,105,14,1,1.0,risk:0,No particular temperament.,1.0,0.0,0.0,3.0,1.0,,0.0
24000,social,15,102.93333333333334,105,14,3,1.991150442477876,social:33,Solitary: desires to be hidden.,0.6666666666666666,1.0,1.3333333333333333,5.133333333333334,1.0,0.5,0.8666666666666667
24000,place,15,102.93333333333334,105,14,2,1.3005780346820808,place:38,No particular temperature.,0.8666666666666667,1.0,1.1333333333333333,3.0,0.8666666666666667,0.0,1.0
24500,eat,11,104.9090909090909,107,14,3,1.4578313253012045,eat:15,Only look for water when energy is low.,0.8181818181818182,1.0,1.1818181818181819,8.090909090909092,1.0,0.5488721804511278,0.09090909090909091
24500,flee,11,104.9090909090909,107,14,3,2.2830188679245285,flee:0,No preference.,0.5454545454545454,0.45454545454545453,0.45454545454545453,2.8181818181818183,1.0,0.08823529411764706,1.0
24500,follow,11,104.9090909090909,107,14,1,1.0,follow:18,Follow the largest vehicle nearby.,1.0,1.0,2.0,5.0,1.0,,0.0
24500,wander,11,104.9090909090909,107,14,3,1.4578313253012045,wander:27,Stay near where you last found bicycle.,0.8181818181818182,1.0,1.1818181818181819,6.909090909090909,1.0,0.4400584795321637,1.0
24500,rest,11,104.9090909090909,107,14,1,1.0,rest:16,No banana.,1.0,1.0,2.0,2.0,0.0,,0.0
24500,mate,11,104.9090909090909,107,14,2,1.1980198019801982,mate:57,A salad is hiding under a bicycle.,0.9090909090909091,1.0,3.090909090909091,7.0,0.0,0.6,0.0
24500,attack,11,104.9090909090909,107,14,1,1.0,attack:1,Never fight.,1.0,0.0,0.0,2.0,1.0,,1.0
24500,risk,11,104.9090909090909,107,14,1,1.0,risk:0,No particular temperament.,1.0,0.0,0.0,3.0,1.0,,0.0
24500,social,11,104.9090909090909,107,14,4,1.8059701492537312,social:33,Solitary: desires to be hidden.,0.7272727272727273,1.0,1.3636363636363635,5.0,1.0,0.5,1.0
24500,place,11,104.9090909090909,107,14,2,1.4235294117647057,place:38,No particular temperature.,0.8181818181818182,1.0,1.1818181818181819,3.0,0.8181818181818182,0.0,1.0
25000,eat,12,80.83333333333333,110,17,4,2.88,eat:15,Only look for water when energy is low.,0.5,0.75,1.0,7.5,1.0,0.2504559270516717,0.5
25000,flee,12,80.83333333333333,110,17,5,3.0,flee:0,No preference.,0.5,0.3333333333333333,0.3333333333333333,3.6666666666666665,1.0,0.0625,1.0
25000,follow,12,80.83333333333333,110,17,4,1.7142857142857142,follow:18,Follow the largest vehicle nearby.,0.75,0.75,1.5,5.083333333333333,1.0,0.05,0.25
25000,wander,12,80.83333333333333,110,17,6,2.666666666666666,wander:27,Stay near where you last found bicycle.,0.5833333333333334,0.75,0.9166666666666666,6.25,1.0,0.2,0.9090909090909091
25000,rest,12,80.83333333333333,110,17,3,1.6744186046511629,rest:16,No banana.,0.75,0.75,1.5,2.5,0.25,0.0,0.25
25000,mate,12,80.83333333333333,110,17,4,1.7142857142857142,mate:57,A salad is hiding under a bicycle.,0.75,0.75,2.25,6.333333333333333,0.25,0.0,0.25
25000,attack,12,80.83333333333333,110,17,4,1.7142857142857142,attack:1,Never fight.,0.75,0.0,0.0,2.75,1.0,0.060000000000000005,1.0
25000,risk,12,80.83333333333333,110,17,3,1.6744186046511629,risk:0,No particular temperament.,0.75,0.0,0.0,3.6666666666666665,1.0,0.0,0.25
25000,social,12,80.83333333333333,110,17,5,2.1176470588235294,social:33,Solitary: desires to be hidden.,0.6666666666666666,0.75,0.9166666666666666,4.833333333333333,1.0,0.10526315789473684,0.9090909090909091
25000,place,12,80.83333333333333,110,17,6,3.789473684210526,place:38,No particular temperature.,0.4166666666666667,0.75,1.0833333333333333,3.5833333333333335,0.75,0.1320754716981132,0.9090909090909091
25500,eat,10,65.8,111,18,5,3.125,eat:15,Only look for water when energy is low.,0.5,0.6,0.7,7.6,1.0,0.23179271708683472,0.5
25500,flee,10,65.8,111,18,5,3.125,flee:0,No preference.,0.5,0.1,0.1,4.0,1.0,0.09509803921568627,1.0
25500,follow,10,65.8,111,18,3,2.173913043478261,follow:18,Follow the largest vehicle nearby.,0.6,0.6,1.2,5.6,1.0,0.037037037037037035,0.4
25500,wander,10,65.8,111,18,6,4.545454545454546,wander:27,Stay near where you last found bicycle.,0.3,0.6,0.9,6.3,1.0,0.23076923076923078,0.7
25500,rest,10,65.8,111,18,3,2.272727272727273,rest:16,No banana.,0.6,0.6,1.2,3.4,0.4,0.03571428571428571,0.0
25500,mate,10,65.8,111,18,4,2.380952380952381,mate:57,A salad is hiding under a bicycle.,0.6,0.6,1.8,6.6,0.4,0.009852216748768473,0.4
25500,attack,10,65.8,111,18,3,1.851851851851852,attack:1,Never fight.,0.7,0.0,0.0,3.2,1.0,0.12173913043478261,1.0
25500,risk,10,65.8,111,18,3,1.851851851851852,risk:0,No particular temperament.,0.7,0.0,0.0,4.1,1.0,0.0,0.3
25500,social,10,65.8,111,18,5,2.5,social:33,Solitary: desires to be hidden.,0.6,0.6,0.6,5.0,1.0,0.04000000000000001,0.9
25500,place,10,65.8,111,18,4,3.333333333333333,place:38,No particular temperature.,0.4,0.6,0.8,3.2,0.8,0.11428571428571428,0.7
26000,eat,11,71.27272727272727,114,19,6,5.260869565217392,eat:4,"Eat quickly, then move on.",0.2727272727272727,0.36363636363636365,0.5454545454545454,6.545454545454546,1.0,0.0946550048590865,0.8181818181818182
26000,flee,11,71.27272727272727,114,19,5,3.9032258064516134,flee:0,No preference.,0.36363636363636365,0.09090909090909091,0.09090909090909091,4.818181818181818,0.9090909090909091,0.022222222222222223,1.0
26000,follow,11,71.27272727272727,114,19,3,2.0508474576271185,follow:18,Follow the largest vehicle nearby.,0.6363636363636364,0.6363636363636364,1.2727272727272727,5.909090909090909,1.0,0.11290322580645161,0.36363636363636365
26000,wander,11,71.27272727272727,114,19,4,2.813953488372093,wander:27,Stay near where you last found bicycle.,0.45454545454545453,0.5454545454545454,0.6363636363636364,6.909090909090909,1.0,0.5512820512820513,0.9090909090909091
26000,rest,11,71.27272727272727,114,19,4,3.666666666666667,rest:16,No banana.,0.36363636363636365,0.36363636363636365,0.7272727272727273,3.272727272727273,0.6363636363636364,0.0,0.36363636363636365
26000,mate,11,71.27272727272727,114,19,5,3.4571428571428573,mate:57,A salad is hiding under a bicycle.,0.45454545454545453,0.5454545454545454,1.4545454545454546,6.2727272727272725,0.5454545454545454,0.0159468438538206,0.5
26000,attack,11,71.27272727272727,114,19,3,2.3725490196078436,attack:0,No preference.,0.45454545454545453,0.0,0.0,2.3636363636363638,1.0,0.02857142857142857,1.0
26000,risk,11,71.27272727272727,114,19,4,2.2,risk:0,No particular temperament.,0.6363636363636364,0.09090909090909091,0.09090909090909091,3.8181818181818183,1.0,0.0707070707070707,0.3
26000,social,11,71.27272727272727,114,19,4,3.1025641025641026,social:3,Curious about other animals.,0.45454545454545453,0.45454545454545453,0.6363636363636364,4.636363636363637,1.0,0.07317073170731707,1.0
26000,place,11,71.27272727272727,114,19,5,3.9032258064516134,place:1,Likes open ground where danger is easy to see.,0.36363636363636365,0.45454545454545453,0.7272727272727273,5.2727272727272725,0.7272727272727273,0.014814814814814814,0.9090909090909091
26500,eat,11,10.363636363636363,112,23,6,4.172413793103448,eat:3,Always finish eating before doing anything else.,0.36363636363636365,0.18181818181818182,0.18181818181818182,5.7272727272727275,1.0,0.03260869565217391,0.9
26500,flee,11,10.363636363636363,112,23,5,4.481481481481482,flee:1,Run from any predator you see.,0.2727272727272727,0.09090909090909091,0.09090909090909091,6.181818181818182,0.9090909090909091,0.025531914893617023,1.0
26500,follow,11,10.363636363636363,112,23,5,3.457142857142857,follow:2,Follow others when you are lost or hungry.,0.36363636363636365,0.09090909090909091,0.18181818181818182,6.454545454545454,1.0,0.057364341085271324,0.9090909090909091
26500,wander,11,10.363636363636363,112,23,5,3.9032258064516134,wander:4,Roam far when food is scarce.,0.36363636363636365,0.09090909090909091,0.18181818181818182,6.363636363636363,1.0,0.07777777777777778,0.9090909090909091
26500,rest,11,10.363636363636363,112,23,4,2.688888888888889,rest:2,Never stop moving.,0.5454545454545454,0.09090909090909091,0.18181818181818182,3.6363636363636362,0.9090909090909091,0.0,0.9090909090909091
26500,mate,11,10.363636363636363,112,23,5,3.9032258064516134,mate:0,No preference.,0.36363636363636365,0.09090909090909091,0.2727272727272727,4.7272727272727275,0.9090909090909091,0.006349206349206349,0.9090909090909091
26500,attack,11,10.363636363636363,112,23,4,3.4571428571428573,attack:3,Fight anyone who comes too close.,0.36363636363636365,0.0,0.0,3.909090909090909,1.0,0.0558139534883721,1.0
26500,risk,11,10.363636363636363,112,23,5,3.4571428571428573,risk:0,No particular temperament.,0.45454545454545453,0.09090909090909091,0.09090909090909091,4.636363636363637,1.0,0.04457364341085271,0.5
26500,social,11,10.363636363636363,112,23,4,2.2,social:2,Solitary: prefers to be alone.,0.6363636363636364,0.09090909090909091,0.09090909090909091,4.909090909090909,1.0,0.04242424242424243,1.0
26500,place,11,10.363636363636363,112,23,5,3.9032258064516134,place:1,Likes open ground where danger is easy to see.,0.36363636363636365,0.09090909090909091,0.09090909090909091,5.636363636363637,1.0,0.007407407407407407,0.9090909090909091
27000,eat,10,34.2,113,23,4,3.846153846153846,eat:1,Eat whenever food is close.,0.3,0.2,0.2,5.0,1.0,0.04864864864864865,0.8
27000,flee,10,34.2,113,23,5,3.8461538461538454,flee:3,Stay calm unless danger is right next to you.,0.4,0.3,0.3,6.9,0.8,0.07207207207207207,1.0
27000,follow,10,34.2,113,23,5,4.166666666666667,follow:0,No preference.,0.3,0.2,0.4,4.4,1.0,0.03333333333333333,0.8
27000,wander,10,34.2,113,23,5,3.125,wander:2,Explore when there is nothing else to do.,0.5,0.1,0.2,6.5,1.0,0.0,0.9
27000,rest,10,34.2,113,23,4,2.7777777777777777,rest:0,No preference.,0.5,0.1,0.2,4.1,0.9,0.0,0.8
27000,mate,10,34.2,113,23,5,4.166666666666667,mate:0,No preference.,0.3,0.3,0.9,5.0,0.7,0.005263157894736842,0.7
27000,attack,10,34.2,113,23,5,4.166666666666667,attack:1,Never fight.,0.3,0.0,0.0,4.7,1.0,0.044736842105263165,1.0
27000,risk,10,34.2,113,23,5,4.545454545454545,risk:1,Cautious: safety comes before food.,0.3,0.2,0.2,4.9,1.0,0.05341880341880341,0.75
27000,social,10,34.2,113,23,5,4.545454545454545,social:0,No particular temperament.,0.3,0.2,0.2,4.7,1.0,0.020512820512820513,0.7
27000,place,10,34.2,113,23,4,2.9411764705882346,place:0,No particular temperament.,0.4,0.1,0.1,4.0,1.0,0.0404040404040404,0.6
27500,eat,10,0.1,1,9,3,2.7777777777777772,eat:3,Always finish eating before doing anything else.,0.4,0.0,0.0,6.4,1.0,0.0,1.0
27500,flee,10,0.1,1,9,5,4.166666666666667,flee:1,Run from any predator you see.,0.3,0.0,0.0,6.7,1.0,0.07368421052631578,1.0
27500,follow,10,0.1,1,9,5,3.8461538461538454,follow:1,Stay close to other animals.,0.4,0.0,0.0,5.1,1.0,0.03063063063063063,1.0
27500,wander,10,0.1,1,9,5,3.8461538461538454,wander:0,No preference.,0.4,0.0,0.0,4.7,1.0,0.013513513513513514,1.0
27500,rest,10,0.1,1,9,5,4.166666666666667,rest:2,Never stop moving.,0.3,0.0,0.0,5.0,1.0,0.019736842105263157,0.6
27500,mate,10,0.1,1,9,5,3.8461538461538454,mate:1,Look for a partner when energy is high.,0.4,0.0,0.0,6.3,1.0,0.04169884169884169,1.0
27500,attack,10,0.1,1,9,5,3.8461538461538454,attack:2,Attack weaker animals when you are hungry.,0.4,0.0,0.0,4.8,1.0,0.02882882882882883,1.0
27500,risk,10,0.1,1,9,4,2.941176470588235,risk:3,Nervous: any movement nearby means danger.,0.5,0.0,0.0,6.2,1.0,0.015151515151515152,1.0
27500,social,10,0.1,1,9,5,4.166666666666667,social:0,No particular temperament.,0.3,0.1,0.1,5.3,1.0,0.022556390977443608,0.6666666666666666
27500,place,10,0.1,1,9,6,5.0,place:4,Restless: always wants somewhere new.,0.3,0.1,0.1,4.7,1.0,0.0375,0.7777777777777778
28000,eat,11,0.45454545454545453,2,7,4,2.688888888888889,eat:0,No preference.,0.5454545454545454,0.0,0.0,3.909090909090909,1.0,0.01929824561403509,1.0
28000,flee,11,0.45454545454545453,2,7,4,3.2702702702702706,flee:1,Run from any predator you see.,0.36363636363636365,0.0,0.0,6.909090909090909,1.0,0.0761904761904762,1.0
28000,follow,11,0.45454545454545453,2,7,4,3.1025641025641026,follow:1,Stay close to other animals.,0.45454545454545453,0.0,0.0,5.2727272727272725,1.0,0.012195121951219513,1.0
28000,wander,11,0.45454545454545453,2,7,5,4.481481481481482,wander:0,No preference.,0.2727272727272727,0.0,0.0,5.090909090909091,1.0,0.015957446808510637,1.0
28000,rest,11,0.45454545454545453,2,7,4,3.2702702702702706,rest:0,No preference.,0.36363636363636365,0.0,0.0,4.636363636363637,1.0,0.0,0.9090909090909091
28000,mate,11,0.45454545454545453,2,7,3,2.2830188679245285,mate:1,Look for a partner when energy is high.,0.5454545454545454,0.0,0.0,5.545454545454546,1.0,0.0,1.0
28000,attack,11,0.45454545454545453,2,7,4,2.2,attack:2,Attack weaker animals when you are hungry.,0.6363636363636364,0.0,0.0,6.2727272727272725,1.0,0.03535353535353535,1.0
28000,risk,11,0.45454545454545453,2,7,5,4.172413793103448,risk:1,Cautious: safety comes before food.,0.2727272727272727,0.0,0.0,5.636363636363637,1.0,0.008152173913043478,0.9090909090909091
28000,social,11,0.45454545454545453,2,7,4,3.666666666666667,social:3,Curious about other animals.,0.36363636363636365,0.0,0.0,5.0,1.0,0.0,1.0
28000,place,11,0.45454545454545453,2,7,4,3.4571428571428573,place:4,Restless: always wants somewhere new.,0.36363636363636365,0.0,0.0,5.454545454545454,1.0,0.0,0.7272727272727273
28500,eat,10,0.5,2,10,4,3.5714285714285716,eat:0,No preference.,0.3,0.0,0.0,5.0,1.0,0.013888888888888888,1.0
28500,flee,10,0.5,2,10,4,3.846153846153846,flee:0,No preference.,0.3,0.0,0.0,5.9,1.0,0.018018018018018018,1.0
28500,follow,10,0.5,2,10,4,3.333333333333333,follow:2,Follow others when you are lost or hungry.,0.4,0.0,0.0,6.1,1.0,0.03428571428571429,1.0
28500,wander,10,0.5,2,10,5,3.8461538461538454,wander:2,Explore when there is nothing else to do.,0.4,0.0,0.0,6.5,1.0,0.013513513513513514,1.0
28500,rest,10,0.5,2,10,2,1.923076923076923,rest:1,Rest when you are tired.,0.6,0.0,0.0,3.8,1.0,0.0,0.4
28500,mate,10,0.5,2,10,3,2.941176470588235,mate:0,No preference.,0.4,0.0,0.0,4.7,1.0,0.0,1.0
28500,attack,10,0.5,2,10,6,5.0,attack:4,Attack only to defend your food.,0.3,0.1,0.1,5.0,0.9,0.0325,1.0
28500,risk,10,0.5,2,10,4,2.941176470588235,risk:0,No particular temperament.,0.5,0.0,0.0,4.5,1.0,0.007575757575757576,0.5
28500,social,10,0.5,2,10,4,3.333333333333333,social:4,"Wary of strangers, friendly to companions.",0.4,0.0,0.0,4.9,1.0,0.0,0.7
28500,place,10,0.5,2,10,3,2.941176470588235,place:0,No particular temperament.,0.4,0.0,0.0,3.9,1.0,0.0,0.6
29000,eat,11,0.7272727272727273,4,13,4,3.2702702702702706,eat:0,No preference.,0.36363636363636365,0.0,0.0,4.2727272727272725,1.0,0.01904761904761905,1.0
29000,flee,11,0.7272727272727273,4,13,4,3.2702702702702706,flee:1,Run from any predator you see.,0.36363636363636365,0.0,0.0,6.909090909090909,1.0,0.031746031746031744,1.0
29000,follow,11,0.7272727272727273,4,13,3,2.688888888888889,follow:2,Follow others when you are lost or hungry.,0.45454545454545453,0.0,0.0,6.181818181818182,1.0,0.0,1.0
29000,wander,11,0.7272727272727273,4,13,4,3.666666666666667,wander:4,Roam far when food is scarce.,0.36363636363636365,0.0,0.0,5.636363636363637,1.0,0.0,1.0
29000,rest,11,0.7272727272727273,4,13,5,3.9032258064516134,rest:2,Never stop moving.,0.36363636363636365,0.0,0.0,4.636363636363637,1.0,0.005555555555555556,0.8181818181818182
29000,mate,11,0.7272727272727273,4,13,5,4.172413793103448,mate:0,No preference.,0.2727272727272727,0.0,0.0,5.363636363636363,1.0,0.032298136645962726,1.0
29000,attack,11,0.7272727272727273,4,13,6,4.481481481481481,attack:4,Attack only to defend your food.,0.36363636363636365,0.09090909090909091,0.09090909090909091,4.2727272727272725,0.9090909090909091,0.022695035460992906,0.9090909090909091
29000,risk,11,0.7272727272727273,4,13,4,3.1025641025641026,risk:2,Bold: take risks when the reward is food.,0.45454545454545453,0.0,0.0,6.363636363636363,1.0,0.04573170731707317,0.9090909090909091
29000,social,11,0.7272727272727273,4,13,5,4.840000000000001,social:2,Solitary: prefers to be alone.,0.2727272727272727,0.0,0.0,4.818181818181818,1.0,0.0,0.8181818181818182
29000,place,11,0.7272727272727273,4,13,4,3.9032258064516134,place:2,Prefers staying near water.,0.2727272727272727,0.0,0.0,4.090909090909091,1.0,0.0,0.8181818181818182
29500,eat,10,0.6,5,16,5,4.166666666666667,eat:1,Eat whenever food is close.,0.3,0.1,0.1,5.9,0.9,0.039473684210526314,1.0
29500,flee,10,0.6,5,16,5,4.166666666666667,flee:1,Run from any predator you see.,0.3,0.1,0.1,5.9,0.9,0.07105263157894737,1.0
29500,follow,10,0.6,5,16,5,4.545454545454545,follow:0,No preference.,0.3,0.0,0.0,4.9,1.0,0.02735042735042735,1.0
29500,wander,10,0.6,5,16,5,3.8461538461538454,wander:1,Keep moving to new places.,0.4,0.0,0.0,5.7,1.0,0.006756756756756757,1.0
29500,rest,10,0.6,5,16,5,3.125,rest:2,Never stop moving.,0.5,0.0,0.0,4.1,1.0,0.014705882352941176,0.7
29500,mate,10,0.6,5,16,4,3.846153846153846,mate:0,No preference.,0.3,0.0,0.0,4.9,1.0,0.015444015444015443,1.0
29500,attack,10,0.6,5,16,5,4.166666666666667,attack:1,Never fight.,0.3,0.1,0.1,3.7,0.9,0.013157894736842105,0.9
29500,risk,10,0.6,5,16,2,1.923076923076923,risk:1,Cautious: safety comes before food.,0.6,0.0,0.0,6.2,1.0,0.125,1.0
29500,social,10,0.6,5,16,6,4.166666666666666,social:0,No particular temperament.,0.4,0.1,0.1,4.3,0.9,0.0,0.5555555555555556
29500,place,10,0.6,5,16,4,3.5714285714285716,place:0,No particular temperament.,0.3,0.0,0.0,5.2,1.0,0.0,0.7
30000,eat,11,0.5454545454545454,2,12,5,3.9032258064516134,eat:3,Always finish eating before doing anything else.,0.36363636363636365,0.0,0.0,6.0,1.0,0.035555555555555556,1.0
30000,flee,11,0.5454545454545454,2,12,4,3.1025641025641026,flee:1,Run from any predator you see.,0.45454545454545453,0.0,0.0,6.909090909090909,1.0,0.10975609756097561,1.0
30000,follow,11,0.5454545454545454,2,12,6,5.260869565217392,follow:1,Stay close to other animals.,0.2727272727272727,0.09090909090909091,0.09090909090909091,4.909090909090909,1.0,0.10068027210884355,1.0
30000,wander,11,0.5454545454545454,2,12,5,3.9032258064516134,wander:1,Keep moving to new places.,0.36363636363636365,0.0,0.0,4.909090909090909,1.0,0.005555555555555556,1.0
30000,rest,11,0.5454545454545454,2,12,4,3.1025641025641026,rest:2,Never stop moving.,0.45454545454545453,0.0,0.0,3.5454545454545454,1.0,0.0,0.8181818181818182
30000,mate,11,0.5454545454545454,2,12,5,3.4571428571428573,mate:1,Look for a partner when energy is high.,0.45454545454545453,0.0,0.0,6.454545454545454,1.0,0.04252491694352159,1.0
30000,attack,11,0.5454545454545454,2,12,5,4.172413793103448,attack:1,Never fight.,0.2727272727272727,0.0,0.0,4.818181818181818,1.0,0.04565217391304348,1.0
30000,risk,11,0.5454545454545454,2,12,4,3.666666666666667,risk:0,No particular temperament.,0.36363636363636365,0.0,0.0,5.2727272727272725,1.0,0.017045454545454544,0.6363636363636364
30000,social,11,0.5454545454545454,2,12,4,3.666666666666667,social:1,Social: feels safer in a group.,0.36363636363636365,0.0,0.0,5.454545454545454,1.0,0.0,1.0
30000,place,11,0.5454545454545454,2,12,4,3.9032258064516134,place:1,Likes open ground where danger is easy to see.,0.2727272727272727,0.0,0.0,5.636363636363637,1.0,0.0,1.0
30500,eat,10,0.9,2,6,4,3.846153846153846,eat:1,Eat whenever food is close.,0.3,0.0,0.0,5.6,1.0,0.02702702702702703,1.0
30500,flee,10,0.9,2,6,2,1.7241379310344829,flee:1,Run from any predator you see.,0.7,0.0,0.0,6.3,1.0,0.16666666666666666,1.0
30500,follow,10,0.9,2,6,2,1.2195121951219512,follow:0,No preference.,0.9,0.0,0.0,2.4,1.0,0.0,1.0
30500,wander,10,0.9,2,6,4,2.941176470588235,wander:4,Roam far when food is scarce.,0.5,0.1,0.1,6.1,1.0,0.008658008658008658,1.0
30500,rest,10,0.9,2,6,3,2.6315789473684212,rest:3,Rest only when you feel safe.,0.5,0.0,0.0,4.3,1.0,0.0,0.5
30500,mate,10,0.9,2,6,3,1.851851851851852,mate:1,Look for a partner when energy is high.,0.7,0.0,0.0,7.4,1.0,0.043478260869565216,1.0
30500,attack,10,0.9,2,6,3,2.7777777777777772,attack:1,Never fight.,0.4,0.0,0.0,4.6,1.0,0.1,1.0
30500,risk,10,0.9,2,6,3,2.380952380952381,risk:1,Cautious: safety comes before food.,0.5,0.0,0.0,5.2,1.0,0.0,0.9
30500,social,10,0.9,2,6,3,2.380952380952381,social:1,Social: feels safer in a group.,0.5,0.0,0.0,5.4,1.0,0.0,1.0
30500,place,10,0.9,2,6,3,2.173913043478261,place:4,Restless: always wants somewhere new.,0.6,0.0,0.0,5.1,1.0,0.0,1.0
31000,eat,10,2.3,4,8,4,1.9230769230769234,eat:1,Eat whenever food is close.,0.7,0.0,0.0,5.2,1.0,0.048611111111111105,1.0
31000,flee,10,2.3,4,8,4,2.7777777777777777,flee:1,Run from any predator you see.,0.5,0.0,0.0,6.1,1.0,0.109375,1.0
31000,follow,10,2.3,4,8,3,1.515151515151515,follow:0,No preference.,0.8,0.1,0.1,2.6,1.0,0.47058823529411764,1.0
31000,wander,10,2.3,4,8,4,2.9411764705882346,wander:1,Keep moving to new places.,0.4,0.4,0.4,4.8,1.0,0.06926406926406926,1.0
31000,rest,10,2.3,4,8,4,3.333333333333333,rest:3,Rest only when you feel safe.,0.4,0.1,0.2,3.8,0.9,0.0,0.5555555555555556
31000,mate,10,2.3,4,8,4,2.941176470588235,mate:1,Look for a partner when energy is high.,0.5,0.0,0.0,6.2,1.0,0.02164502164502164,1.0
31000,attack,10,2.3,4,8,4,2.941176470588235,attack:1,Never fight.,0.5,0.0,0.0,3.6,1.0,0.06060606060606061,1.0
31000,risk,10,2.3,4,8,3,2.173913043478261,risk:1,Cautious: safety comes before food.,0.6,0.0,0.0,5.6,1.0,0.027777777777777776,1.0
31000,social,10,2.3,4,8,3,1.851851851851852,social:1,Social: feels safer in a group.,0.7,0.0,0.0,5.5,1.0,0.0,0.9
31000,place,10,2.3,4,8,3,2.6315789473684212,place:4,Restless: always wants somewhere new.,0.5,0.0,0.0,5.5,1.0,0.0,1.0
31500,eat,12,3.0833333333333335,7,12,5,4.235294117647059,eat:3,Always finish eating before doing anything else.,0.3333333333333333,0.0,0.0,6.166666666666667,1.0,0.03272727272727273,1.0
31500,flee,12,3.0833333333333335,7,12,4,3.2727272727272725,flee:1,Run from any predator you see.,0.4166666666666667,0.0,0.0,7.166666666666667,1.0,0.07,1.0
31500,follow,12,3.0833333333333335,7,12,4,3.428571428571429,follow:2,Follow others when you are lost or hungry.,0.3333333333333333,0.0,0.0,6.083333333333333,1.0,0.04705882352941177,1.0
31500,wander,12,3.0833333333333335,7,12,3,2.571428571428571,wander:1,Keep moving to new places.,0.5,0.0,0.0,5.833333333333333,1.0,0.0,1.0
31500,rest,12,3.0833333333333335,7,12,4,3.2727272727272725,rest:2,Never stop moving.,0.4166666666666667,0.0,0.0,5.166666666666667,1.0,0.015,0.6666666666666666
31500,mate,12,3.0833333333333335,7,12,5,3.5999999999999996,mate:2,Mate with any nearby adult.,0.4166666666666667,0.0,0.0,5.083333333333333,1.0,0.06043956043956044,1.0
31500,attack,12,3.0833333333333335,7,12,3,1.6744186046511629,attack:4,Attack only to defend your food.,0.75,0.0,0.0,6.083333333333333,1.0,0.05172413793103448,1.0
31500,risk,12,3.0833333333333335,7,12,5,3.5999999999999996,risk:1,Cautious: safety comes before food.,0.4166666666666667,0.08333333333333333,0.08333333333333333,5.916666666666667,1.0,0.058653846153846154,1.0
31500,social,12,3.0833333333333335,7,12,4,3.789473684210526,social:3,Curious about other animals.,0.3333333333333333,0.0,0.0,4.583333333333333,1.0,0.0,0.75
31500,place,12,3.0833333333333335,7,12,5,3.789473684210526,place:3,Attached to familiar places.,0.4166666666666667,0.0,0.0,4.416666666666667,1.0,0.0,0.8333333333333334
32000,eat,11,1.4545454545454546,9,16,6,4.840000000000001,eat:0,No preference.,0.2727272727272727,0.09090909090909091,0.09090909090909091,5.0,1.0,0.049999999999999996,1.0
32000,flee,11,1.4545454545454546,9,16,5,3.4571428571428573,flee:4,Run away from anything that attacks you.,0.45454545454545453,0.0,0.0,7.0,1.0,0.028682170542635662,1.0
32000,follow,11,1.4545454545454546,9,16,4,2.813953488372093,follow:0,No preference.,0.45454545454545453,0.0,0.0,4.0,1.0,0.020512820512820513,1.0
32000,wander,11,1.4545454545454546,9,16,5,3.9032258064516134,wander:4,Roam far when food is scarce.,0.36363636363636365,0.0,0.0,6.090909090909091,1.0,0.011111111111111112,1.0
32000,rest,11,1.4545454545454546,9,16,5,3.2702702702702706,rest:1,Rest when you are tired.,0.45454545454545453,0.09090909090909091,0.09090909090909091,5.363636363636363,1.0,0.11904761904761904,0.5
32000,mate,11,1.4545454545454546,9,16,5,3.9032258064516134,mate:3,Mate only when food is plentiful.,0.36363636363636365,0.0,0.0,5.363636363636363,1.0,0.027301587301587302,1.0
32000,attack,11,1.4545454545454546,9,16,4,3.1025641025641026,attack:4,Attack only to defend your food.,0.45454545454545453,0.0,0.0,4.545454545454546,1.0,0.00975609756097561,1.0
32000,risk,11,1.4545454545454546,9,16,4,3.4571428571428573,risk:3,Nervous: any movement nearby means danger.,0.36363636363636365,0.0,0.0,6.454545454545454,1.0,0.00872093023255814,1.0
32000,social,11,1.4545454545454546,9,16,4,3.1025641025641026,social:1,Social: feels safer in a group.,0.45454545454545453,0.0,0.0,4.7272727272727275,1.0,0.0,0.7272727272727273
32000,place,11,1.4545454545454546,9,16,5,3.9032258064516134,place:1,Likes open ground where danger is easy to see.,0.36363636363636365,0.0,0.0,5.909090909090909,1.0,0.0,0.8181818181818182
32500,eat,10,1.1,3,12,5,3.8461538461538454,eat:1,Eat whenever food is close.,0.4,0.0,0.0,5.2,1.0,0.05765765765765766,1.0
32500,flee,10,1.1,3,12,5,4.166666666666667,flee:2,Flee only when a predator is very close.,0.3,0.0,0.0,7.3,1.0,0.02456140350877193,1.0
32500,follow,10,1.1,3,12,4,3.5714285714285716,follow:1,Stay close to other animals.,0.3,0.0,0.0,5.9,1.0,0.05,1.0
32500,wander,10,1.1,3,12,3,2.380952380952381,wander:1,Keep moving to new places.,0.5,0.0,0.0,5.1,1.0,0.0,1.0
32500,rest,10,1.1,3,12,4,2.941176470588235,rest:1,Rest when you are tired.,0.5,0.0,0.0,4.4,1.0,0.07575757575757576,0.3
32500,mate,10,1.1,3,12,5,3.8461538461538454,mate:4,Seek a partner before growing old.,0.4,0.0,0.0,5.8,1.0,0.04169884169884169,1.0
32500,attack,10,1.1,3,12,5,3.125,attack:4,Attack only to defend your food.,0.5,0.1,0.1,5.4,0.9,0.05490196078431372,1.0
32500,risk,10,1.1,3,12,4,3.333333333333333,risk:3,Nervous: any movement nearby means danger.,0.4,0.0,0.0,6.5,1.0,0.010714285714285714,1.0
32500,social,10,1.1,3,12,3,2.941176470588235,social:1,Social: feels safer in a group.,0.4,0.0,0.0,4.8,1.0,0.0,0.7
32500,place,10,1.1,3,12,4,3.333333333333333,place:1,Likes open ground where danger is easy to see.,0.4,0.0,0.0,5.9,1.0,0.0,0.8
33000,eat,10,0.8,3,14,4,2.380952380952381,eat:1,Eat whenever food is close.,0.6,0.0,0.0,4.9,1.0,0.08275862068965519,1.0
33000,flee,10,0.8,3,14,5,4.545454545454545,flee:2,Flee only when a predator is very close.,0.3,0.0,0.0,6.6,1.0,0.023931623931623933,1.0
33000,follow,10,0.8,3,14,5,4.166666666666667,follow:1,Stay close to other animals.,0.3,0.1,0.1,6.0,1.0,0.042105263157894736,1.0
33000,wander,10,0.8,3,14,3,2.380952380952381,wander:1,Keep moving to new places.,0.5,0.0,0.0,5.9,1.0,0.017241379310344827,1.0
33000,rest,10,0.8,3,14,5,4.166666666666667,rest:0,No preference.,0.3,0.0,0.0,4.7,1.0,0.006578947368421052,0.8
33000,mate,10,0.8,3,14,5,4.545454545454545,mate:2,Mate with any nearby adult.,0.3,0.0,0.0,5.7,1.0,0.045421245421245426,1.0
33000,attack,10,0.8,3,14,5,4.545454545454545,attack:3,Fight anyone who comes too close.,0.3,0.0,0.0,5.0,1.0,0.04786324786324787,1.0
33000,risk,10,0.8,3,14,4,2.380952380952381,risk:2,Bold: take risks when the reward is food.,0.6,0.0,0.0,6.8,1.0,0.02586206896551724,0.9
33000,social,10,0.8,3,14,4,3.333333333333333,social:3,Curious about other animals.,0.4,0.0,0.0,4.9,1.0,0.0,1.0
33000,place,10,0.8,3,14,5,3.125,place:0,No particular temperament.,0.5,0.0,0.0,4.1,1.0,0.0,0.5
33500,eat,10,0.5,2,9,5,3.8461538461538454,eat:1,Eat whenever food is close.,0.4,0.0,0.0,5.7,1.0,0.05765765765765766,1.0
33500,flee,10,0.5,2,9,4,2.9411764705882346,flee:1,Run from any predator you see.,0.4,0.0,0.0,6.3,1.0,0.0808080808080808,1.0
33500,follow,10,0.5,2,9,4,2.7777777777777777,follow:3,Keep your distance from other animals.,0.5,0.0,0.0,5.5,1.0,0.09375,1.0
33500,wander,10,0.5,2,9,3,2.173913043478261,wander:1,Keep moving to new places.,0.6,0.0,0.0,6.0,1.0,0.0,1.0
33500,rest,10,0.5,2,9,4,2.380952380952381,rest:3,Rest only when you feel safe.,0.6,0.0,0.0,5.9,1.0,0.05172413793103448,0.3
33500,mate,10,0.5,2,9,5,3.571428571428571,mate:1,Look for a partner when energy is high.,0.4,0.0,0.0,6.1,1.0,0.03253968253968254,1.0
33500,attack,10,0.5,2,9,4,3.333333333333333,attack:1,Never fight.,0.4,0.0,0.0,4.7,1.0,0.060000000000000005,1.0
33500,risk,10,0.5,2,9,5,3.125,risk:0,No particular temperament.,0.5,0.0,0.0,4.6,1.0,0.003676470588235294,0.5
33500,social,10,0.5,2,9,4,3.571428571428571,social:0,No particular temperament.,0.4,0.0,0.0,4.6,1.0,0.0,0.6
33500,place,10,0.5,2,9,5,4.166666666666667,place:0,No particular temperament.,0.3,0.0,0.0,5.3,1.0,0.0,0.7
34000,eat,10,0.4,3,14,5,4.166666666666667,eat:1,Eat whenever food is close.,0.3,0.0,0.0,5.6,1.0,0.044736842105263165,1.0
34000,flee,10,0.4,3,14,4,3.333333333333333,flee:1,Run from any predator you see.,0.4,0.0,0.0,6.1,1.0,0.06857142857142857,1.0
34000,follow,10,0.4,3,14,5,3.8461538461538454,follow:0,No preference.,0.4,0.0,0.0,4.6,1.0,0.019819819819819822,1.0
34000,wander,10,0.4,3,14,5,3.8461538461538454,wander:1,Keep moving to new places.,0.4,0.0,0.0,5.2,1.0,0.006756756756756757,1.0
34000,rest,10,0.4,3,14,5,4.545454545454545,rest:1,Rest when you are tired.,0.3,0.0,0.0,4.5,1.0,0.038461538461538464,0.5
34000,mate,10,0.4,3,14,5,4.166666666666667,mate:0,No preference.,0.3,0.0,0.0,5.1,1.0,0.027819548872180452,1.0
34000,attack,10,0.4,3,14,4,3.333333333333333,attack:3,Fight anyone who comes too close.,0.4,0.0,0.0,5.3,1.0,0.014285714285714285,1.0
34000,risk,10,0.4,3,14,5,4.545454545454545,risk:0,No particular temperament.,0.3,0.0,0.0,5.3,1.0,0.01282051282051282,0.7
34000,social,10,0.4,3,14,5,3.8461538461538454,social:3,Curious about other animals.,0.4,0.0,0.0,4.4,1.0,0.0,0.8
34000,place,10,0.4,3,14,4,3.846153846153846,place:0,No particular temperament.,0.3,0.0,0.0,3.9,1.0,0.0,0.7
34500,eat,10,0.7,4,14,4,2.7777777777777777,eat:1,Eat whenever food is close.,0.5,0.1,0.1,4.7,1.0,0.190625,1.0
34500,flee,10,0.7,4,14,4,3.5714285714285716,flee:0,No preference.,0.3,0.0,0.0,5.7,1.0,0.030555555555555558,1.0
34500,follow,10,0.7,4,14,5,3.571428571428571,follow:4,Follow the strongest animal nearby.,0.4,0.0,0.0,5.3,1.0,0.03518518518518518,1.0
34500,wander,10,0.7,4,14,4,3.333333333333333,wander:4,Roam far when food is scarce.,0.4,0.1,0.1,5.9,0.9,0.0,1.0
34500,rest,10,0.7,4,14,5,3.8461538461538454,rest:4,Save energy by resting when food is far.,0.4,0.1,0.1,6.0,1.0,0.05405405405405406,0.5555555555555556
34500,mate,10,0.7,4,14,5,3.8461538461538454,mate:2,Mate with any nearby adult.,0.4,0.0,0.0,5.0,1.0,0.047104247104247106,1.0
34500,attack,10,0.7,4,14,2,1.923076923076923,attack:4,Attack only to defend your food.,0.6,0.0,0.0,4.4,1.0,0.0,1.0
34500,risk,10,0.7,4,14,3,2.173913043478261,risk:3,Nervous: any movement nearby means danger.,0.6,0.0,0.0,6.3,1.0,0.0,0.9
34500,social,10,0.7,4,14,3,2.6315789473684212,social:0,No particular temperament.,0.5,0.0,0.0,4.2,1.0,0.0,0.5
34500,place,10,0.7,4,14,5,2.5,place:4,Restless: always wants somewhere new.,0.6,0.0,0.0,5.0,1.0,0.0,0.9
35000,eat,10,0.5,5,15,5,3.8461538461538454,eat:1,Eat whenever food is close.,0.4,0.1,0.1,4.8,1.0,0.08108108108108109,1.0
35000,flee,10,0.5,5,15,4,3.333333333333333,flee:1,Run from any predator you see.,0.4,0.0,0.0,5.3,1.0,0.06476190476190476,1.0
35000,follow,10,0.5,5,15,4,2.380952380952381,follow:4,Follow the strongest animal nearby.,0.6,0.0,0.0,5.4,1.0,0.04827586206896552,1.0
35000,wander,10,0.5,5,15,4,2.941176470588235,wander:0,No preference.,0.5,0.0,0.0,4.3,1.0,0.0,1.0
35000,rest,10,0.5,5,15,3,2.272727272727273,rest:3,Rest only when you feel safe.,0.6,0.0,0.0,6.2,1.0,0.10714285714285714,0.2
35000,mate,10,0.5,5,15,5,4.166666666666667,mate:3,Mate only when food is plentiful.,0.3,0.0,0.0,5.6,1.0,0.042857142857142864,1.0
35000,attack,10,0.5,5,15,5,4.545454545454545,attack:4,Attack only to defend your food.,0.3,0.0,0.0,4.5,1.0,0.03333333333333333,1.0
35000,risk,10,0.5,5,15,5,4.166666666666667,risk:3,Nervous: any movement nearby means danger.,0.3,0.0,0.0,5.5,1.0,0.003289473684210526,0.8
35000,social,10,0.5,5,15,6,4.545454545454546,social:0,No particular temperament.,0.3,0.1,0.1,4.7,1.0,0.003663003663003663,0.6666666666666666
35000,place,10,0.5,5,15,5,4.166666666666667,place:0,No particular temperament.,0.3,0.0,0.0,4.3,1.0,0.0,0.7
35500,eat,10,0.1,1,10,5,3.8461538461538454,eat:1,Eat whenever food is close.,0.4,0.0,0.0,5.7,1.0,0.05765765765765766,1.0
35500,flee,10,0.1,1,10,4,3.333333333333333,flee:0,No preference.,0.4,0.0,0.0,4.9,1.0,0.04,1.0
35500,follow,10,0.1,1,10,4,3.333333333333333,follow:3,Keep your distance from other animals.,0.4,0.0,0.0,5.7,1.0,0.0780952380952381,1.0
35500,wander,10,0.1,1,10,5,4.166666666666667,wander:1,Keep moving to new places.,0.3,0.0,0.0,5.8,1.0,0.019736842105263157,1.0
35500,rest,10,0.1,1,10,3,2.272727272727273,rest:3,Rest only when you feel safe.,0.6,0.0,0.0,4.6,1.0,0.0,0.4
35500,mate,10,0.1,1,10,5,4.545454545454545,mate:0,No preference.,0.3,0.0,0.0,5.1,1.0,0.024908424908424907,1.0
35500,attack,10,0.1,1,10,4,3.333333333333333,attack:0,No preference.,0.4,0.0,0.0,4.2,1.0,0.017142857142857144,1.0
35500,risk,10,0.1,1,10,4,3.333333333333333,risk:0,No particular temperament.,0.4,0.0,0.0,5.1,1.0,0.007142857142857143,0.6
35500,social,10,0.1,1,10,5,3.125,social:3,Curious about other animals.,0.5,0.0,0.0,4.5,1.0,0.0,0.9
35500,place,10,0.1,1,10,5,4.545454545454545,place:0,No particular temperament.,0.3,0.0,0.0,4.8,1.0,0.0,0.7
36000,eat,10,0.7,2,9,5,3.125,eat:1,Eat whenever food is close.,0.5,0.0,0.0,5.2,1.0,0.08333333333333333,1.0
36000,flee,10,0.7,2,9,4,2.7777777777777777,flee:0,No preference.,0.5,0.0,0.0,4.5,1.0,0.018750000000000003,1.0
36000,follow,10,0.7,2,9,4,3.333333333333333,follow:3,Keep your distance from other animals.,0.4,0.0,0.0,5.1,1.0,0.06857142857142857,1.0
36000,wander,10,0.7,2,9,4,2.9411764705882346,wander:0,No preference.,0.4,0.0,0.0,5.1,1.0,0.0,1.0
36000,rest,10,0.7,2,9,5,3.8461538461538454,rest:2,Never stop moving.,0.4,0.0,0.0,4.1,1.0,0.013513513513513514,0.7
36000,mate,10,0.7,2,9,5,3.8461538461538454,mate:1,Look for a partner when energy is high.,0.4,0.0,0.0,6.3,1.0,0.04169884169884169,1.0
36000,attack,10,0.7,2,9,4,3.333333333333333,attack:0,No preference.,0.4,0.0,0.0,4.2,1.0,0.017142857142857144,1.0
36000,risk,10,0.7,2,9,3,2.272727272727273,risk:0,No particular temperament.,0.6,0.0,0.0,4.6,1.0,0.0,0.4
36000,social,10,0.7,2,9,3,2.7777777777777772,social:2,Solitary: prefers to be alone.,0.4,0.0,0.0,4.8,1.0,0.0,1.0
36000,place,10,0.7,2,9,4,2.941176470588235,place:0,No particular temperament.,0.5,0.1,0.1,5.1,1.0,0.051948051948051945,0.4444444444444444
36500,eat,10,0.2,1,12,4,2.9411764705882346,eat:1,Eat whenever food is close.,0.4,0.0,0.0,5.9,1.0,0.10505050505050506,1.0
36500,flee,10,0.2,1,12,4,3.333333333333333,flee:0,No preference.,0.4,0.0,0.0,5.1,1.0,0.03428571428571429,1.0
36500,follow,10,0.2,1,12,4,3.333333333333333,follow:3,Keep your distance from other animals.,0.4,0.0,0.0,5.1,1.0,0.045714285714285714,1.0
36500,wander,10,0.2,1,12,5,4.166666666666667,wander:1,Keep moving to new places.,0.3,0.0,0.0,5.6,1.0,0.003289473684210526,1.0
36500,rest,10,0.2,1,12,4,3.333333333333333,rest:2,Never stop moving.,0.4,0.0,0.0,3.7,1.0,0.02142857142857143,0.6
36500,mate,10,0.2,1,12,4,3.333333333333333,mate:3,Mate only when food is plentiful.,0.4,0.0,0.0,5.8,1.0,0.012244897959183673,1.0
36500,attack,10,0.2,1,12,5,4.545454545454545,attack:0,No preference.,0.3,0.0,0.0,4.2,1.0,0.02735042735042735,1.0
36500,risk,10,0.2,1,12,5,4.545454545454545,risk:1,Cautious: safety comes before food.,0.3,0.0,0.0,5.8,1.0,0.019230769230769232,0.9
36500,social,10,0.2,1,12,3,1.851851851851852,social:2,Solitary: prefers to be alone.,0.7,0.0,0.0,4.9,1.0,0.0,1.0
36500,place,10,0.2,1,12,4,3.571428571428571,place:3,Attached to familiar places.,0.4,0.0,0.0,4.8,1.0,0.0,0.8
37000,eat,14,0.6428571428571429,2,8,5,4.666666666666667,eat:4,"Eat quickly, then move on.",0.2857142857142857,0.0,0.0,5.071428571428571,1.0,0.044155844155844164,1.0
37000,flee,14,0.6428571428571429,2,8,5,3.769230769230769,flee:3,Stay calm unless danger is right next to you.,0.35714285714285715,0.07142857142857142,0.07142857142857142,7.928571428571429,1.0,0.07003968253968254,1.0
37000,follow,14,0.6428571428571429,2,8,4,3.1612903225806455,follow:2,Follow others when you are lost or hungry.,0.42857142857142855,0.0,0.0,5.928571428571429,1.0,0.014925373134328358,1.0
37000,wander,14,0.6428571428571429,2,8,4,2.6486486486486487,wander:0,No preference.,0.42857142857142855,0.0,0.0,4.857142857142857,1.0,0.012295081967213115,1.0
37000,rest,14,0.6428571428571429,2,8,3,2.882352941176471,rest:2,Never stop moving.,0.42857142857142855,0.0,0.0,3.2857142857142856,1.0,0.0,0.7142857142857143
37000,mate,14,0.6428571428571429,2,8,5,4.666666666666667,mate:4,Seek a partner before growing old.,0.2857142857142857,0.0,0.0,5.714285714285714,1.0,0.037847866419294995,1.0
37000,attack,14,0.6428571428571429,2,8,2,1.9600000000000004,attack:0,No preference.,0.5714285714285714,0.0,0.0,3.7142857142857144,1.0,0.0,1.0
37000,risk,14,0.6428571428571429,2,8,4,3.7692307692307696,risk:1,Cautious: safety comes before food.,0.2857142857142857,0.0,0.0,5.285714285714286,1.0,0.0,0.8571428571428571
37000,social,14,0.6428571428571429,2,8,5,4.260869565217392,social:1,Social: feels safer in a group.,0.2857142857142857,0.0,0.0,5.071428571428571,1.0,0.0,0.9285714285714286
37000,place,14,0.6428571428571429,2,8,3,2.3333333333333335,place:4,Restless: always wants somewhere new.,0.5714285714285714,0.0,0.0,6.0,1.0,0.0,1.0
37500,eat,10,0.9,2,7,6,5.0,eat:4,"Eat quickly, then move on.",0.3,0.1,0.1,4.9,1.0,0.08583333333333334,1.0
37500,flee,10,0.9,2,7,3,2.7777777777777772,flee:0,No preference.,0.4,0.0,0.0,6.0,1.0,0.0,1.0
37500,follow,10,0.9,2,7,4,3.333333333333333,follow:2,Follow others when you are lost or hungry.,0.4,0.0,0.0,5.4,1.0,0.03809523809523809,1.0
37500,wander,10,0.9,2,7,3,2.6315789473684212,wander:3,Stay near where you last found food.,0.5,0.0,0.0,5.7,1.0,0.06048387096774194,1.0
37500,rest,10,0.9,2,7,5,4.166666666666667,rest:0,No preference.,0.3,0.1,0.1,3.5,0.9,0.019736842105263157,0.5
37500,mate,10,0.9,2,7,4,2.7777777777777777,mate:4,Seek a partner before growing old.,0.5,0.0,0.0,6.2,1.0,0.06696428571428571,1.0
37500,attack,10,0.9,2,7,4,3.333333333333333,attack:1,Never fight.,0.4,0.0,0.0,3.4,1.0,0.022857142857142857,1.0
37500,risk,10,0.9,2,7,3,2.380952380952381,risk:0,No particular temperament.,0.5,0.0,0.0,4.1,1.0,0.0,0.5
37500,social,10,0.9,2,7,4,2.7777777777777777,social:1,Social: feels safer in a group.,0.5,0.0,0.0,4.9,1.0,0.0,0.7
37500,place,10,0.9,2,7,4,3.333333333333333,place:3,Attached to familiar places.,0.4,0.0,0.0,5.2,1.0,0.0,0.9
38000,eat,11,1.3636363636363635,5,12,5,3.9032258064516134,eat:4,"Eat quickly, then move on.",0.36363636363636365,0.0,0.0,4.636363636363637,1.0,0.04296296296296297,1.0
38000,flee,11,1.3636363636363635,5,12,4,3.1025641025641026,flee:3,Stay calm unless danger is right next to you.,0.45454545454545453,0.0,0.0,7.181818181818182,1.0,0.014634146341463417,1.0
38000,follow,11,1.3636363636363635,5,12,4,2.2,follow:2,Follow others when you are lost or hungry.,0.6363636363636364,0.0,0.0,6.636363636363637,1.0,0.0707070707070707,1.0
38000,wander,11,1.3636363636363635,5,12,2,1.8615384615384616,wander:3,Stay near where you last found food.,0.6363636363636364,0.0,0.0,6.2727272727272725,1.0,0.0,1.0
38000,rest,11,1.3636363636363635,5,12,5,3.9032258064516134,rest:0,No preference.,0.36363636363636365,0.09090909090909091,0.09090909090909091,4.545454545454546,0.9090909090909091,0.011111111111111112,0.6363636363636364
38000,mate,11,1.3636363636363635,5,12,5,3.4571428571428573,mate:4,Seek a partner before growing old.,0.45454545454545453,0.0,0.0,5.2727272727272725,1.0,0.025913621262458473,1.0
38000,attack,11,1.3636363636363635,5,12,5,3.9032258064516134,attack:2,Attack weaker animals when you are hungry.,0.36363636363636365,0.0,0.0,4.909090909090909,1.0,0.03407407407407407,1.0
38000,risk,11,1.3636363636363635,5,12,6,4.172413793103448,risk:0,No particular temperament.,0.36363636363636365,0.09090909090909091,0.09090909090909091,4.545454545454546,1.0,0.09510869565217392,0.5454545454545454
38000,social,11,1.3636363636363635,5,12,4,3.1025641025641026,social:1,Social: feels safer in a group.,0.45454545454545453,0.0,0.0,5.363636363636363,1.0,0.0,0.8181818181818182
38000,place,11,1.3636363636363635,5,12,4,3.9032258064516134,place:0,No particular temperament.,0.2727272727272727,0.0,0.0,5.363636363636363,1.0,0.0,0.7272727272727273
38500,eat,11,1.8181818181818181,5,12,4,3.666666666666667,eat:2,Only look for food when energy is low.,0.36363636363636365,0.0,0.0,6.454545454545454,1.0,0.07272727272727274,1.0
38500,flee,11,1.8181818181818181,5,12,5,3.9032258064516134,flee:1,Run from any predator you see.,0.36363636363636365,0.09090909090909091,0.09090909090909091,5.545454545454546,1.0,0.08888888888888889,1.0
38500,follow,11,1.8181818181818181,5,12,5,3.4571428571428573,follow:2,Follow others when you are lost or hungry.,0.45454545454545453,0.09090909090909091,0.09090909090909091,6.454545454545454,1.0,0.16279069767441862,1.0
38500,wander,11,1.8181818181818181,5,12,5,3.9032258064516134,wander:0,No preference.,0.36363636363636365,0.0,0.0,5.090909090909091,1.0,0.008333333333333333,1.0
38500,rest,11,1.8181818181818181,5,12,4,3.1025641025641026,rest:0,No preference.,0.45454545454545453,0.0,0.0,4.2727272727272725,1.0,0.0,0.7272727272727273
38500,mate,11,1.8181818181818181,5,12,4,3.4571428571428573,mate:3,Mate only when food is plentiful.,0.36363636363636365,0.0,0.0,5.363636363636363,1.0,0.0558139534883721,1.0
38500,attack,11,1.8181818181818181,5,12,4,3.4571428571428573,attack:0,No preference.,0.36363636363636365,0.0,0.0,3.727272727272727,1.0,0.013953488372093025,1.0
38500,risk,11,1.8181818181818181,5,12,3,2.469387755102041,risk:2,Bold: take risks when the reward is food.,0.5454545454545454,0.0,0.0,6.2727272727272725,1.0,0.0,0.7272727272727273
38500,social,11,1.8181818181818181,5,12,4,2.688888888888889,social:1,Social: feels safer in a group.,0.5454545454545454,0.0,0.0,5.2727272727272725,1.0,0.0,0.8181818181818182
38500,place,11,1.8181818181818181,5,12,5,3.9032258064516134,place:1,Likes open ground where danger is easy to see.,0.36363636363636365,0.09090909090909091,0.09090909090909091,5.818181818181818,1.0,0.022222222222222223,0.9
39000,eat,11,0.6363636363636364,6,15,4,3.666666666666667,eat:3,Always finish eating before doing anything else.,0.36363636363636365,0.0,0.0,6.545454545454546,1.0,0.04090909090909091,1.0
39000,flee,11,0.6363636363636364,6,15,5,3.9032258064516134,flee:1,Run from any predator you see.,0.36363636363636365,0.0,0.0,6.636363636363637,1.0,0.08296296296296296,1.0
39000,follow,11,0.6363636363636364,6,15,5,4.172413793103448,follow:1,Stay close to other animals.,0.36363636363636365,0.0,0.0,5.454545454545454,1.0,0.049275362318840575,1.0
39000,wander,11,0.6363636363636364,6,15,5,4.481481481481482,wander:0,No preference.,0.2727272727272727,0.0,0.0,5.181818181818182,1.0,0.007978723404255319,1.0
39000,rest,11,0.6363636363636364,6,15,3,2.469387755102041,rest:3,Rest only when you feel safe.,0.5454545454545454,0.0,0.0,5.818181818181818,1.0,0.0,0.45454545454545453
39000,mate,11,0.6363636363636364,6,15,5,3.2702702702702706,mate:4,Seek a partner before growing old.,0.45454545454545453,0.0,0.0,5.0,1.0,0.021768707482993192,1.0
39000,attack,11,0.6363636363636364,6,15,4,3.666666666666667,attack:3,Fight anyone who comes too close.,0.36363636363636365,0.0,0.0,5.454545454545454,1.0,0.05909090909090909,1.0
39000,risk,11,0.6363636363636364,6,15,5,3.9032258064516134,risk:4,"Reckless when starving, careful when fed.",0.36363636363636365,0.0,0.0,5.363636363636363,1.0,0.008333333333333333,0.8181818181818182
39000,social,11,0.6363636363636364,6,15,4,2.2,social:1,Social: feels safer in a group.,0.6363636363636364,0.0,0.0,5.363636363636363,1.0,0.0,0.9090909090909091
39000,place,11,0.6363636363636364,6,15,4,3.4571428571428573,place:4,Restless: always wants somewhere new.,0.36363636363636365,0.0,0.0,5.7272727272727275,1.0,0.0,1.0
39500,eat,11,0.09090909090909091,1,10,5,3.9032258064516134,eat:1,Eat whenever food is close.,0.36363636363636365,0.0,0.0,4.636363636363637,1.0,0.05037037037037037,1.0
39500,flee,11,0.09090909090909091,1,10,5,3.9032258064516134,flee:1,Run from any predator you see.,0.36363636363636365,0.0,0.0,6.545454545454546,1.0,0.08,1.0
39500,follow,11,0.09090909090909091,1,10,4,3.1025641025641026,follow:1,Stay close to other animals.,0.45454545454545453,0.0,0.0,4.454545454545454,1.0,0.008130081300813007,1.0
39500,wander,11,0.09090909090909091,1,10,4,3.666666666666667,wander:2,Explore when there is nothing else to do.,0.36363636363636365,0.0,0.0,5.818181818181818,1.0,0.011363636363636364,1.0
39500,rest,11,0.09090909090909091,1,10,5,4.172413793103448,rest:0,No preference.,0.36363636363636365,0.0,0.0,4.2727272727272725,1.0,0.010869565217391304,0.7272727272727273
39500,mate,11,0.09090909090909091,1,10,5,4.172413793103448,mate:3,Mate only when food is plentiful.,0.36363636363636365,0.0,0.0,5.454545454545454,1.0,0.040993788819875775,1.0
39500,attack,11,0.09090909090909091,1,10,5,3.2702702702702706,attack:2,Attack weaker animals when you are hungry.,0.45454545454545453,0.0,0.0,5.7272727272727275,1.0,0.0642857142857143,1.0
39500,risk,11,0.09090909090909091,1,10,4,3.2702702702702706,risk:2,Bold: take risks when the reward is food.,0.36363636363636365,0.09090909090909091,0.09090909090909091,6.7272727272727275,1.0,0.0873015873015873,1.0
39500,social,11,0.09090909090909091,1,10,5,3.9032258064516134,social:3,Curious about other animals.,0.36363636363636365,0.0,0.0,4.454545454545454,1.0,0.0,0.8181818181818182
39500,place,11,0.09090909090909091,1,10,6,5.260869565217392,place:3,Attached to familiar places.,0.2727272727272727,0.09090909090909091,0.09090909090909091,4.7272727272727275,1.0,0.04081632653061224,0.8
40000,eat,11,0.18181818181818182,1,9,5,4.172413793103448,eat:3,Always finish eating before doing anything else.,0.36363636363636365,0.0,0.0,5.454545454545454,1.0,0.024637681159420288,1.0
40000,flee,11,0.18181818181818182,1,9,5,3.4571428571428573,flee:2,Flee only when a predator is very close.,0.45454545454545453,0.0,0.0,6.636363636363637,1.0,0.031007751937984496,1.0
40000,follow,11,0.18181818181818182,1,9,4,3.4571428571428573,follow:2,Follow others when you are lost or hungry.,0.36363636363636365,0.0,0.0,6.363636363636363,1.0,0.06046511627906977,1.0
40000,wander,11,0.18181818181818182,1,9,5,3.9032258064516134,wander:2,Explore when there is nothing else to do.,0.36363636363636365,0.0,0.0,5.636363636363637,1.0,0.005555555555555556,1.0
40000,rest,11,0.18181818181818182,1,9,5,3.9032258064516134,rest:1,Rest when you are tired.,0.36363636363636365,0.0,0.0,4.636363636363637,1.0,0.044444444444444446,0.45454545454545453
40000,mate,11,0.18181818181818182,1,9,4,3.1025641025641026,mate:0,No preference.,0.45454545454545453,0.0,0.0,4.545454545454546,1.0,0.00975609756097561,1.0
40000,attack,11,0.18181818181818182,1,9,5,4.172413793103448,attack:0,No preference.,0.2727272727272727,0.0,0.0,3.909090909090909,1.0,0.02391304347826087,1.0
40000,risk,11,0.18181818181818182,1,9,4,3.9032258064516134,risk:0,No particular temperament.,0.2727272727272727,0.0,0.0,4.909090909090909,1.0,0.0,0.7272727272727273
40000,social,11,0.18181818181818182,1,9,5,3.4571428571428573,social:2,Solitary: prefers to be alone.,0.45454545454545453,0.0,0.0,5.090909090909091,1.0,0.0,0.9090909090909091
40000,place,11,0.18181818181818182,1,9,4,3.1025641025641026,place:1,Likes open ground where danger is easy to see.,0.45454545454545453,0.0,0.0,6.090909090909091,1.0,0.0,0.7272727272727273
40500,eat,10,0.5,2,9,4,2.941176470588235,eat:3,Always finish eating before doing anything else.,0.5,0.0,0.0,6.6,1.0,0.03232323232323232,1.0
40500,flee,10,0.5,2,9,5,4.166666666666667,flee:1,Run from any predator you see.,0.3,0.0,0.0,6.0,1.0,0.05526315789473685,1.0
40500,follow,10,0.5,2,9,4,3.333333333333333,follow:2,Follow others when you are lost or hungry.,0.4,0.0,0.0,6.5,1.0,0.05333333333333334,1.0
40500,wander,10,0.5,2,9,5,4.166666666666667,wander:1,Keep moving to new places.,0.3,0.0,0.0,6.1,1.0,0.006578947368421052,1.0
40500,rest,10,0.5,2,9,6,4.166666666666666,rest:3,Rest only when you feel safe.,0.4,0.1,0.1,5.7,1.0,0.1105263157894737,0.4444444444444444
40500,mate,10,0.5,2,9,5,4.166666666666667,mate:0,No preference.,0.3,0.0,0.0,5.3,1.0,0.027819548872180452,1.0
40500,attack,10,0.5,2,9,4,3.846153846153846,attack:2,Attack weaker animals when you are hungry.,0.3,0.0,0.0,5.5,1.0,0.05945945945945946,1.0
40500,risk,10,0.5,2,9,5,3.125,risk:4,"Reckless when starving, careful when fed.",0.5,0.1,0.1,5.5,1.0,0.15073529411764705,0.7777777777777778
40500,social,10,0.5,2,9,5,4.166666666666667,social:3,Curious about other animals.,0.3,0.0,0.0,4.7,1.0,0.0,0.8
40500,place,10,0.5,2,9,5,4.166666666666667,place:0,No particular temperament.,0.3,0.0,0.0,5.4,1.0,0.0,0.7
41000,eat,11,0.5454545454545454,2,7,4,3.2702702702702706,eat:1,Eat whenever food is close.,0.36363636363636365,0.0,0.0,5.818181818181818,1.0,0.10158730158730159,1.0
41000,flee,11,0.5454545454545454,2,7,5,3.9032258064516134,flee:4,Run away from anything that attacks you.,0.36363636363636365,0.0,0.0,6.818181818181818,1.0,0.056296296296296296,1.0
41000,follow,11,0.5454545454545454,2,7,2,1.6575342465753424,follow:2,Follow others when you are lost or hungry.,0.7272727272727273,0.0,0.0,7.454545454545454,1.0,0.0,1.0
41000,wander,11,0.5454545454545454,2,7,5,3.9032258064516134,wander:2,Explore when there is nothing else to do.,0.36363636363636365,0.0,0.0,6.0,1.0,0.008333333333333333,1.0
41000,rest,11,0.5454545454545454,2,7,4,2.2,rest:4,Save energy by resting when food is far.,0.6363636363636364,0.0,0.0,6.363636363636363,1.0,0.0,0.9090909090909091
41000,mate,11,0.5454545454545454,2,7,4,2.813953488372093,mate:4,Seek a partner before growing old.,0.45454545454545453,0.0,0.0,6.636363636363637,1.0,0.07838827838827839,1.0
41000,attack,11,0.5454545454545454,2,7,4,3.666666666666667,attack:3,Fight anyone who comes too close.,0.36363636363636365,0.0,0.0,4.363636363636363,1.0,0.05454545454545456,1.0
41000,risk,11,0.5454545454545454,2,7,4,2.2,risk:2,Bold: take risks when the reward is food.,0.6363636363636364,0.0,0.0,7.181818181818182,1.0,0.026515151515151516,1.0
41000,social,11,0.5454545454545454,2,7,3,2.2830188679245285,social:3,Curious about other animals.,0.5454545454545454,0.0,0.0,4.818181818181818,1.0,0.0,1.0
41000,place,11,0.5454545454545454,2,7,4,3.666666666666667,place:0,No particular temperament.,0.36363636363636365,0.0,0.0,5.0,1.0,0.0,0.6363636363636364
41500,eat,13,1.5384615384615385,4,9,3,2.449275362318841,eat:0,No preference.,0.5384615384615384,0.0,0.0,3.8461538461538463,1.0,0.026666666666666665,1.0
41500,flee,13,1.5384615384615385,4,9,3,2.5999999999999996,flee:2,Flee only when a predator is very close.,0.46153846153846156,0.0,0.0,7.076923076923077,1.0,0.1474358974358974,1.0
41500,follow,13,1.5384615384615385,4,9,5,4.333333333333332,follow:4,Follow the strongest animal nearby.,0.3076923076923077,0.07692307692307693,0.07692307692307693,5.230769230769231,1.0,0.05384615384615385,0.9230769230769231
41500,wander,13,1.5384615384615385,4,9,4,3.4489795918367343,wander:1,Keep moving to new places.,0.38461538461538464,0.0,0.0,5.769230769230769,1.0,0.0,1.0
41500,rest,13,1.5384615384615385,4,9,5,3.5957446808510634,rest:2,Never stop moving.,0.38461538461538464,0.0,0.0,5.076923076923077,1.0,0.00819672131147541,0.7692307692307693
41500,mate,13,1.5384615384615385,4,9,6,4.828571428571428,mate:2,Mate with any nearby adult.,0.3076923076923077,0.07692307692307693,0.07692307692307693,5.769230769230769,1.0,0.0642857142857143,1.0
41500,attack,13,1.5384615384615385,4,9,4,2.964912280701754,attack:3,Fight anyone who comes too close.,0.46153846153846156,0.0,0.0,5.384615384615385,1.0,0.021428571428571432,1.0
41500,risk,13,1.5384615384615385,4,9,4,2.522388059701493,risk:2,Bold: take risks when the reward is food.,0.5384615384615384,0.0,0.0,6.076923076923077,1.0,0.01715686274509804,0.6923076923076923
41500,social,13,1.5384615384615385,4,9,4,3.755555555555555,social:1,Social: feels safer in a group.,0.3076923076923077,0.0,0.0,5.153846153846154,1.0,0.0,0.7692307692307693
41500,place,13,1.5384615384615385,4,9,3,2.5999999999999996,place:1,Likes open ground where danger is easy to see.,0.46153846153846156,0.0,0.0,6.153846153846154,1.0,0.0,0.8461538461538461
42000,eat,12,1.6666666666666667,6,11,5,4.235294117647059,eat:3,Always finish eating before doing anything else.,0.3333333333333333,0.0,0.0,5.166666666666667,1.0,0.020606060606060607,1.0
42000,flee,12,1.6666666666666667,6,11,5,3.5999999999999996,flee:4,Run away from anything that attacks you.,0.4166666666666667,0.08333333333333333,0.08333333333333333,7.583333333333333,1.0,0.05641025641025642,1.0
42000,follow,12,1.6666666666666667,6,11,6,4.8,follow:1,Stay close to other animals.,0.25,0.08333333333333333,0.08333333333333333,5.333333333333333,1.0,0.06666666666666667,1.0
42000,wander,12,1.6666666666666667,6,11,5,3.5999999999999996,wander:2,Explore when there is nothing else to do.,0.4166666666666667,0.0,0.0,5.833333333333333,1.0,0.004807692307692308,1.0
42000,rest,12,1.6666666666666667,6,11,4,4.0,rest:0,No preference.,0.25,0.0,0.0,4.0,1.0,0.041666666666666664,0.5
42000,mate,12,1.6666666666666667,6,11,5,3.5999999999999996,mate:3,Mate only when food is plentiful.,0.4166666666666667,0.08333333333333333,0.08333333333333333,6.25,1.0,0.1357142857142857,1.0
42000,attack,12,1.6666666666666667,6,11,3,2.571428571428571,attack:2,Attack weaker animals when you are hungry.,0.5,0.0,0.0,6.5,1.0,0.045454545454545456,1.0
42000,risk,12,1.6666666666666667,6,11,4,3.2727272727272725,risk:1,Cautious: safety comes before food.,0.4166666666666667,0.0,0.0,5.833333333333333,1.0,0.0375,0.9166666666666666
42000,social,12,1.6666666666666667,6,11,4,3.4285714285714284,social:0,No particular temperament.,0.4166666666666667,0.0,0.0,4.583333333333333,1.0,0.0,0.5833333333333334
42000,place,12,1.6666666666666667,6,11,4,2.6666666666666665,place:2,Prefers staying near water.,0.5,0.0,0.0,4.75,1.0,0.0,1.0
42500,eat,10,0.0,0,10,5,4.166666666666667,eat:0,No preference.,0.3,0.0,0.0,4.8,1.0,0.028947368421052635,1.0
42500,flee,10,0.0,0,10,3,2.7777777777777772,flee:0,No preference.,0.4,0.0,0.0,5.4,1.0,0.0,1.0
42500,follow,10,0.0,0,10,5,4.166666666666667,follow:0,No preference.,0.3,0.0,0.0,5.2,1.0,0.02368421052631579,1.0
42500,wander,10,0.0,0,10,5,4.545454545454545,wander:1,Keep moving to new places.,0.3,0.0,0.0,5.9,1.0,0.01282051282051282,1.0
42500,rest,10,0.0,0,10,4,3.846153846153846,rest:0,No preference.,0.3,0.0,0.0,3.9,1.0,0.04054054054054054,0.5
42500,mate,10,0.0,0,10,3,2.272727272727273,mate:0,No preference.,0.6,0.0,0.0,3.4,1.0,0.028571428571428574,1.0
42500,attack,10,0.0,0,10,5,3.8461538461538454,attack:4,Attack only to defend your food.,0.4,0.0,0.0,5.0,1.0,0.04144144144144144,1.0
42500,risk,10,0.0,0,10,5,4.166666666666667,risk:1,Cautious: safety comes before food.,0.3,0.0,0.0,5.8,1.0,0.019736842105263157,0.9
42500,social,10,0.0,0,10,4,3.846153846153846,social:0,No particular temperament.,0.3,0.0,0.0,4.5,1.0,0.0,0.7
42500,place,10,0.0,0,10,4,3.571428571428571,place:4,Restless: always wants somewhere new.,0.4,0.0,0.0,5.4,1.0,0.0,1.0
43000,eat,11,0.45454545454545453,1,7,5,3.9032258064516134,eat:0,No preference.,0.36363636363636365,0.0,0.0,5.090909090909091,1.0,0.015555555555555555,1.0
43000,flee,11,0.45454545454545453,1,7,4,3.666666666666667,flee:0,No preference.,0.36363636363636365,0.0,0.0,5.7272727272727275,1.0,0.0,1.0
43000,follow,11,0.45454545454545453,1,7,5,3.9032258064516134,follow:0,No preference.,0.36363636363636365,0.0,0.0,4.818181818181818,1.0,0.02,1.0
43000,wander,11,0.45454545454545453,1,7,6,5.260869565217392,wander:1,Keep moving to new places.,0.2727272727272727,0.09090909090909091,0.09090909090909091,5.0,1.0,0.05102040816326531,1.0
43000,rest,11,0.45454545454545453,1,7,4,2.2,rest:0,No preference.,0.6363636363636364,0.0,0.0,3.090909090909091,1.0,0.0,0.9090909090909091
43000,mate,11,0.45454545454545453,1,7,5,3.9032258064516134,mate:3,Mate only when food is plentiful.,0.36363636363636365,0.0,0.0,6.0,1.0,0.04507936507936508,1.0
43000,attack,11,0.45454545454545453,1,7,3,2.8139534883720936,attack:0,No preference.,0.45454545454545453,0.0,0.0,3.3636363636363638,1.0,0.0,1.0
43000,risk,11,0.45454545454545453,1,7,5,3.9032258064516134,risk:0,No particular temperament.,0.36363636363636365,0.09090909090909091,0.09090909090909091,4.7272727272727275,1.0,0.022222222222222223,0.6
43000,social,11,0.45454545454545453,1,7,5,3.4571428571428573,social:4,"Wary of strangers, friendly to companions.",0.45454545454545453,0.0,0.0,5.090909090909091,1.0,0.0,0.8181818181818182
43000,place,11,0.45454545454545453,1,7,3,2.8139534883720936,place:4,Restless: always wants somewhere new.,0.45454545454545453,0.0,0.0,5.545454545454546,1.0,0.0,0.7272727272727273
43500,eat,13,0.6923076923076923,2,8,6,4.828571428571428,eat:0,No preference.,0.3076923076923077,0.07692307692307693,0.07692307692307693,5.3076923076923075,1.0,0.042786069651741296,1.0
43500,flee,13,0.6923076923076923,2,8,5,3.188679245283019,flee:1,Run from any predator you see.,0.38461538461538464,0.07692307692307693,0.07692307692307693,6.6923076923076925,1.0,0.1896551724137931,1.0
43500,follow,13,0.6923076923076923,2,8,3,2.5999999999999996,follow:4,Follow the strongest animal nearby.,0.46153846153846156,0.0,0.0,4.3076923076923075,1.0,0.038461538461538464,1.0
43500,wander,13,0.6923076923076923,2,8,5,3.9302325581395343,wander:4,Roam far when food is scarce.,0.38461538461538464,0.0,0.0,6.153846153846154,1.0,0.01984126984126984,1.0
43500,rest,13,0.6923076923076923,2,8,4,3.3137254901960778,rest:0,No preference.,0.38461538461538464,0.0,0.0,5.0,1.0,0.012711864406779662,0.6923076923076923
43500,mate,13,0.6923076923076923,2,8,2,1.898876404494382,mate:0,No preference.,0.6153846153846154,0.0,0.0,4.3076923076923075,1.0,0.0,1.0
43500,attack,13,0.6923076923076923,2,8,5,3.9302325581395343,attack:1,Never fight.,0.3076923076923077,0.0,0.0,4.6923076923076925,1.0,0.04444444444444444,1.0
43500,risk,13,0.6923076923076923,2,8,4,3.3137254901960778,risk:0,No particular temperament.,0.38461538461538464,0.07692307692307693,0.07692307692307693,4.846153846153846,1.0,0.06779661016949153,0.5833333333333334
43500,social,13,0.6923076923076923,2,8,3,2.2533333333333334,social:4,"Wary of strangers, friendly to companions.",0.5384615384615384,0.0,0.0,4.6923076923076925,1.0,0.0,0.6153846153846154
43500,place,13,0.6923076923076923,2,8,5,4.567567567567567,place:1,Likes open ground where danger is easy to see.,0.23076923076923078,0.0,0.0,5.3076923076923075,1.0,0.0,0.9230769230769231
44000,eat,11,2.272727272727273,4,8,3,2.0508474576271185,eat:0,No preference.,0.6363636363636364,0.0,0.0,3.090909090909091,1.0,0.019354838709677424,1.0
44000,flee,11,2.272727272727273,4,8,4,2.813953488372093,flee:1,Run from any predator you see.,0.45454545454545453,0.0,0.0,6.636363636363637,1.0,0.10256410256410256,1.0
44000,follow,11,2.272727272727273,4,8,5,2.2830188679245285,follow:2,Follow others when you are lost or hungry.,0.6363636363636364,0.0,0.0,6.7272727272727275,1.0,0.040196078431372545,1.0
44000,wander,11,2.272727272727273,4,8,5,3.4571428571428573,wander:1,Keep moving to new places.,0.45454545454545453,0.09090909090909091,0.09090909090909091,5.181818181818182,1.0,0.01744186046511628,1.0
44000,rest,11,2.272727272727273,4,8,5,2.8139534883720936,rest:0,No preference.,0.5454545454545454,0.09090909090909091,0.09090909090909091,3.5454545454545454,0.9090909090909091,0.01282051282051282,0.7
44000,mate,11,2.272727272727273,4,8,4,1.8059701492537312,mate:1,Look for a partner when energy is high.,0.7272727272727273,0.09090909090909091,0.09090909090909091,7.363636363636363,1.0,0.14638447971781304,1.0
44000,attack,11,2.272727272727273,4,8,4,3.666666666666667,attack:0,No preference.,0.36363636363636365,0.0,0.0,4.090909090909091,1.0,0.022727272727272728,1.0
44000,risk,11,2.272727272727273,4,8,3,2.2830188679245285,risk:0,No particular temperament.,0.5454545454545454,0.0,0.0,4.363636363636363,1.0,0.0,0.45454545454545453
44000,social,11,2.272727272727273,4,8,2,1.4235294117647057,social:0,No particular temperament.,0.8181818181818182,0.0,0.0,3.5454545454545454,1.0,0.0,0.18181818181818182
44000,place,11,2.272727272727273,4,8,5,4.481481481481482,place:3,Attached to familiar places.,0.2727272727272727,0.0,0.0,5.0,1.0,0.0,0.8181818181818182
44500,eat,11,1.3636363636363635,4,10,3,2.469387755102041,eat:4,"Eat quickly, then move on.",0.5454545454545454,0.0,0.0,5.0,1.0,0.0,1.0
44500,flee,11,1.3636363636363635,4,10,3,2.8139534883720936,flee:2,Flee only when a predator is very close.,0.45454545454545453,0.0,0.0,7.181818181818182,1.0,0.11538461538461539,1.0
44500,follow,11,1.3636363636363635,4,10,5,3.2702702702702706,follow:2,Follow others when you are lost or hungry.,0.45454545454545453,0.0,0.0,5.636363636363637,1.0,0.0246031746031746,1.0
44500,wander,11,1.3636363636363635,4,10,5,3.9032258064516134,wander:4,Roam far when food is scarce.,0.36363636363636365,0.0,0.0,5.818181818181818,1.0,0.011111111111111112,1.0
44500,rest,11,1.3636363636363635,4,10,6,4.840000000000001,rest:0,No preference.,0.2727272727272727,0.09090909090909091,0.09090909090909091,4.454545454545454,1.0,0.0625,0.5
44500,mate,11,1.3636363636363635,4,10,4,2.5744680851063833,mate:1,Look for a partner when energy is high.,0.5454545454545454,0.0,0.0,5.909090909090909,1.0,0.005405405405405406,1.0
44500,attack,11,1.3636363636363635,4,10,5,2.8139534883720936,attack:2,Attack weaker animals when you are hungry.,0.5454545454545454,0.0,0.0,5.454545454545454,1.0,0.030769230769230767,1.0
44500,risk,11,1.3636363636363635,4,10,3,2.951219512195122,risk:1,Cautious: safety comes before food.,0.36363636363636365,0.0,0.0,4.818181818181818,1.0,0.0,0.7272727272727273
44500,social,11,1.3636363636363635,4,10,4,2.5744680851063833,social:0,No particular temperament.,0.5454545454545454,0.0,0.0,3.727272727272727,1.0,0.0,0.45454545454545453
44500,place,11,1.3636363636363635,4,10,3,2.8139534883720936,place:4,Restless: always wants somewhere new.,0.45454545454545453,0.0,0.0,4.454545454545454,1.0,0.0,1.0
45000,eat,12,4.583333333333333,6,9,6,3.789473684210526,eat:4,"Eat quickly, then move on.",0.4166666666666667,0.25,0.25,4.916666666666667,1.0,0.08490566037735849,1.0
45000,flee,12,4.583333333333333,6,9,4,2.7692307692307687,flee:2,Flee only when a predator is very close.,0.4166666666666667,0.08333333333333333,0.08333333333333333,7.5,1.0,0.03985507246376811,1.0
45000,follow,12,4.583333333333333,6,9,3,2.571428571428571,follow:2,Follow others when you are lost or hungry.,0.5,0.0,0.0,5.5,1.0,0.0,1.0
45000,wander,12,4.583333333333333,6,9,4,2.482758620689655,wander:2,Explore when there is nothing else to do.,0.5833333333333334,0.0,0.0,7.0,1.0,0.011627906976744186,1.0
45000,rest,12,4.583333333333333,6,9,3,2.32258064516129,rest:1,Rest when you are tired.,0.5833333333333334,0.0,0.0,4.75,1.0,0.12804878048780488,0.16666666666666666
45000,mate,12,4.583333333333333,6,9,3,1.4117647058823528,mate:1,Look for a partner when energy is high.,0.8333333333333334,0.0,0.0,7.25,1.0,0.0,1.0
45000,attack,12,4.583333333333333,6,9,4,3.1304347826086953,attack:2,Attack weaker animals when you are hungry.,0.4166666666666667,0.0,0.0,4.416666666666667,1.0,0.017006802721088433,1.0
45000,risk,12,4.583333333333333,6,9,4,2.88,risk:3,Nervous: any movement nearby means danger.,0.5,0.0,0.0,5.5,1.0,0.0,0.9166666666666666
45000,social,12,4.583333333333333,6,9,2,1.1803278688524592,social:0,No particular temperament.,0.9166666666666666,0.0,0.0,3.25,1.0,0.0,0.08333333333333333
45000,place,12,4.583333333333333,6,9,3,2.32258064516129,place:4,Restless: always wants somewhere new.,0.5,0.0,0.0,4.416666666666667,1.0,0.0,0.9166666666666666
45500,eat,10,0.6,6,14,4,3.5714285714285716,eat:0,No preference.,0.3,0.0,0.0,4.7,1.0,0.01666666666666667,1.0
45500,flee,10,0.6,6,14,5,4.999999999999999,flee:0,No preference.,0.2,0.0,0.0,6.4,1.0,0.03666666666666667,1.0
45500,follow,10,0.6,6,14,4,3.333333333333333,follow:4,Follow the strongest animal nearby.,0.4,0.0,0.0,5.9,1.0,0.05523809523809524,1.0
45500,wander,10,0.6,6,14,5,4.545454545454545,wander:0,No preference.,0.3,0.0,0.0,5.2,1.0,0.00641025641025641,1.0
45500,rest,10,0.6,6,14,5,3.8461538461538454,rest:4,Save energy by resting when food is far.,0.4,0.0,0.0,5.7,1.0,0.013513513513513514,0.7
45500,mate,10,0.6,6,14,5,3.8461538461538454,mate:3,Mate only when food is plentiful.,0.4,0.0,0.0,5.8,1.0,0.050965250965250966,1.0
45500,attack,10,0.6,6,14,5,4.545454545454545,attack:3,Fight anyone who comes too close.,0.3,0.0,0.0,4.6,1.0,0.03931623931623932,1.0
45500,risk,10,0.6,6,14,5,4.545454545454545,risk:0,No particular temperament.,0.3,0.0,0.0,5.4,1.0,0.00641025641025641,0.7
45500,social,10,0.6,6,14,4,2.9411764705882346,social:2,Solitary: prefers to be alone.,0.4,0.0,0.0,5.4,1.0,0.0,1.0
45500,place,10,0.6,6,14,3,2.380952380952381,place:0,No particular temperament.,0.5,0.0,0.0,3.5,1.0,0.0,0.5
46000,eat,10,0.8,2,8,5,4.166666666666667,eat:1,Eat whenever food is close.,0.3,0.0,0.0,5.6,1.0,0.044736842105263165,1.0
46000,flee,10,0.8,2,8,4,2.7777777777777777,flee:2,Flee only when a predator is very close.,0.5,0.0,0.0,7.5,1.0,0.03125,1.0
46000,follow,10,0.8,2,8,3,1.515151515151515,follow:3,Keep your distance from other animals.,0.8,0.0,0.0,5.5,1.0,0.0,1.0
46000,wander,10,0.8,2,8,3,2.941176470588235,wander:4,Roam far when food is scarce.,0.4,0.0,0.0,5.1,1.0,0.045454545454545456,1.0
46000,rest,10,0.8,2,8,4,3.333333333333333,rest:2,Never stop moving.,0.4,0.0,0.0,3.9,1.0,0.0,0.7
46000,mate,10,0.8,2,8,4,2.941176470588235,mate:2,Mate with any nearby adult.,0.5,0.0,0.0,5.1,1.0,0.06060606060606061,1.0
46000,attack,10,0.8,2,8,4,2.7777777777777777,attack:1,Never fight.,0.5,0.0,0.0,3.9,1.0,0.03125,1.0
46000,risk,10,0.8,2,8,3,2.380952380952381,risk:0,No particular temperament.,0.5,0.0,0.0,4.3,1.0,0.017241379310344827,0.5
46000,social,10,0.8,2,8,3,2.941176470588235,social:3,Curious about other animals.,0.4,0.0,0.0,4.0,1.0,0.0,0.7
46000,place,10,0.8,2,8,5,2.5,place:3,Attached to familiar places.,0.6,0.1,0.1,4.9,1.0,0.01111111111111111,0.8888888888888888
46500,eat,10,0.6,3,13,4,2.9411764705882346,eat:0,No preference.,0.4,0.0,0.0,4.3,1.0,0.0202020202020202,1.0
46500,flee,10,0.6,3,13,5,4.545454545454545,flee:0,No preference.,0.3,0.0,0.0,6.0,1.0,0.018803418803418806,1.0
46500,follow,10,0.6,3,13,4,3.333333333333333,follow:1,Stay close to other animals.,0.4,0.0,0.0,5.6,1.0,0.06857142857142857,1.0
46500,wander,10,0.6,3,13,4,3.333333333333333,wander:0,No preference.,0.4,0.0,0.0,5.0,1.0,0.0,1.0
46500,rest,10,0.6,3,13,5,4.545454545454545,rest:4,Save energy by resting when food is far.,0.3,0.0,0.0,5.0,1.0,0.01282051282051282,0.7
46500,mate,10,0.6,3,13,5,4.545454545454545,mate:4,Seek a partner before growing old.,0.3,0.0,0.0,5.5,1.0,0.03223443223443223,1.0
46500,attack,10,0.6,3,13,5,4.166666666666667,attack:0,No preference.,0.3,0.0,0.0,4.3,1.0,0.02368421052631579,1.0
46500,risk,10,0.6,3,13,4,3.333333333333333,risk:1,Cautious: safety comes before food.,0.4,0.0,0.0,5.3,1.0,0.0,0.9
46500,social,10,0.6,3,13,5,3.8461538461538454,social:1,Social: feels safer in a group.,0.4,0.0,0.0,5.1,1.0,0.0,0.9
46500,place,10,0.6,3,13,4,2.7777777777777777,place:0,No particular temperament.,0.5,0.0,0.0,5.1,1.0,0.0,0.5
47000,eat,10,1.3,4,13,4,2.941176470588235,eat:0,No preference.,0.5,0.1,0.1,3.6,1.0,0.07575757575757576,1.0
47000,flee,10,1.3,4,13,4,3.333333333333333,flee:4,Run away from anything that attacks you.,0.4,0.0,0.0,6.2,1.0,0.03619047619047619,1.0
47000,follow,10,1.3,4,13,5,3.8461538461538454,follow:3,Keep your distance from other animals.,0.4,0.0,0.0,5.4,1.0,0.03063063063063063,1.0
47000,wander,10,1.3,4,13,5,4.545454545454545,wander:4,Roam far when food is scarce.,0.3,0.0,0.0,5.4,1.0,0.019230769230769232,1.0
47000,rest,10,1.3,4,13,4,2.7777777777777777,rest:0,No preference.,0.5,0.1,0.1,3.7,0.9,0.0234375,0.5
47000,mate,10,1.3,4,13,5,4.166666666666667,mate:2,Mate with any nearby adult.,0.3,0.1,0.1,6.1,1.0,0.11015037593984962,1.0
47000,attack,10,1.3,4,13,4,3.333333333333333,attack:0,No preference.,0.4,0.0,0.0,3.3,1.0,0.009523809523809523,1.0
47000,risk,10,1.3,4,13,4,3.333333333333333,risk:1,Cautious: safety comes before food.,0.4,0.0,0.0,6.0,1.0,0.02857142857142857,1.0
47000,social,10,1.3,4,13,4,3.333333333333333,social:0,No particular temperament.,0.4,0.0,0.0,4.4,1.0,0.0,0.6
47000,place,10,1.3,4,13,4,3.333333333333333,place:4,Restless: always wants somewhere new.,0.4,0.0,0.0,5.9,1.0,0.0,1.0
47500,eat,10,1.0,5,15,5,3.125,eat:0,No preference.,0.5,0.1,0.1,3.5,1.0,0.09509803921568627,1.0
47500,flee,10,1.0,5,15,5,4.545454545454545,flee:4,Run away from anything that attacks you.,0.3,0.2,0.2,5.3,1.0,0.043589743589743594,0.8
47500,follow,10,1.0,5,15,4,2.7777777777777777,follow:3,Keep your distance from other animals.,0.5,0.0,0.0,5.5,1.0,0.015625,1.0
47500,wander,10,1.0,5,15,5,2.5,wander:4,Roam far when food is scarce.,0.6,0.1,0.1,6.1,1.0,0.0037037037037037034,1.0
47500,rest,10,1.0,5,15,5,4.545454545454545,rest:2,Never stop moving.,0.3,0.0,0.0,4.5,1.0,0.01282051282051282,0.7
47500,mate,10,1.0,5,15,4,3.333333333333333,mate:1,Look for a partner when energy is high.,0.4,0.0,0.0,6.7,1.0,0.060408163265306125,1.0
47500,attack,10,1.0,5,15,4,2.941176470588235,attack:2,Attack weaker animals when you are hungry.,0.5,0.0,0.0,5.3,1.0,0.0505050505050505,1.0
47500,risk,10,1.0,5,15,4,3.333333333333333,risk:4,"Reckless when starving, careful when fed.",0.4,0.0,0.0,5.0,1.0,0.0,0.7
47500,social,10,1.0,5,15,4,3.846153846153846,social:0,No particular temperament.,0.3,0.0,0.0,4.5,1.0,0.0,0.7
47500,place,10,1.0,5,15,6,5.5555555555555545,place:0,No particular temperament.,0.2,0.1,0.1,5.5,1.0,0.04878048780487805,0.7777777777777778
48000,eat,10,1.5,4,10,3,1.851851851851852,eat:0,No preference.,0.7,0.1,0.1,3.9,1.0,0.024844720496894408,1.0
48000,flee,10,1.5,4,10,4,2.941176470588235,flee:1,Run from any predator you see.,0.5,0.0,0.0,7.1,1.0,0.08585858585858586,1.0
48000,follow,10,1.5,4,10,2,1.4705882352941173,follow:3,Keep your distance from other animals.,0.8,0.0,0.0,6.4,1.0,0.0,1.0
48000,wander,10,1.5,4,10,3,1.851851851851852,wander:4,Roam far when food is scarce.,0.7,0.0,0.0,5.4,1.0,0.0,1.0
48000,rest,10,1.5,4,10,5,3.125,rest:3,Rest only when you feel safe.,0.5,0.1,0.1,5.1,0.9,0.03676470588235294,0.3333333333333333
48000,mate,10,1.5,4,10,3,2.380952380952381,mate:1,Look for a partner when energy is high.,0.5,0.0,0.0,7.0,1.0,0.02463054187192118,1.0
48000,attack,10,1.5,4,10,4,2.7777777777777777,attack:4,Attack only to defend your food.,0.5,0.0,0.0,5.2,1.0,0.018750000000000003,1.0
48000,risk,10,1.5,4,10,4,2.380952380952381,risk:0,No particular temperament.,0.6,0.0,0.0,4.4,1.0,0.0,0.4
48000,social,10,1.5,4,10,5,2.5,social:0,No particular temperament.,0.6,0.1,0.1,3.9,1.0,0.0,0.3333333333333333
48000,place,10,1.5,4,10,5,3.125,place:0,No particular temperament.,0.5,0.0,0.0,4.1,1.0,0.0,0.5
48500,eat,11,1.1818181818181819,3,8,4,2.2,eat:3,Always finish eating before doing anything else.,0.6363636363636364,0.09090909090909091,0.09090909090909091,5.818181818181818,0.9090909090909091,0.0,1.0
48500,flee,11,1.1818181818181819,3,8,3,2.469387755102041,flee:1,Run from any predator you see.,0.5454545454545454,0.0,0.0,5.818181818181818,1.0,0.1,1.0
48500,follow,11,1.1818181818181819,3,8,4,2.5744680851063833,follow:3,Keep your distance from other animals.,0.5454545454545454,0.0,0.0,6.090909090909091,1.0,0.013513513513513514,1.0
48500,wander,11,1.1818181818181819,3,8,4,2.5744680851063833,wander:4,Roam far when food is scarce.,0.5454545454545454,0.09090909090909091,0.09090909090909091,6.7272727272727275,1.0,0.04054054054054054,1.0
48500,rest,11,1.1818181818181819,3,8,4,2.688888888888889,rest:3,Rest only when you feel safe.,0.5454545454545454,0.0,0.0,5.818181818181818,1.0,0.07894736842105263,0.2727272727272727
48500,mate,11,1.1818181818181819,3,8,4,2.688888888888889,mate:1,Look for a partner when energy is high.,0.5454545454545454,0.0,0.0,6.909090909090909,1.0,0.055639097744360905,1.0
48500,attack,11,1.1818181818181819,3,8,3,2.0508474576271185,attack:4,Attack only to defend your food.,0.6363636363636364,0.0,0.0,6.2727272727272725,1.0,0.11290322580645161,1.0
48500,risk,11,1.1818181818181819,3,8,5,4.481481481481482,risk:0,No particular temperament.,0.2727272727272727,0.0,0.0,5.545454545454546,1.0,0.015957446808510637,0.7272727272727273
48500,social,11,1.1818181818181819,3,8,3,2.951219512195122,social:0,No particular temperament.,0.36363636363636365,0.0,0.0,4.181818181818182,1.0,0.0,0.6363636363636364
48500,place,11,1.1818181818181819,3,8,3,2.688888888888889,place:0,No particular temperament.,0.45454545454545453,0.0,0.0,3.909090909090909,1.0,0.0,0.5454545454545454
49000,eat,10,1.3,5,9,5,3.8461538461538454,eat:3,Always finish eating before doing anything else.,0.4,0.0,0.0,5.5,1.0,0.019819819819819822,1.0
49000,flee,10,1.3,5,9,5,4.166666666666667,flee:0,No preference.,0.3,0.0,0.0,5.6,1.0,0.03684210526315789,1.0
49000,follow,10,1.3,5,9,4,3.571428571428571,follow:3,Keep your distance from other animals.,0.4,0.0,0.0,5.4,1.0,0.018518518518518517,1.0
49000,wander,10,1.3,5,9,5,3.125,wander:3,Stay near where you last found food.,0.5,0.0,0.0,6.1,1.0,0.01838235294117647,1.0
49000,rest,10,1.3,5,9,5,3.125,rest:4,Save energy by resting when food is far.,0.5,0.0,0.0,5.8,1.0,0.007352941176470588,0.8
49000,mate,10,1.3,5,9,4,2.7777777777777777,mate:3,Mate only when food is plentiful.,0.5,0.0,0.0,6.1,1.0,0.044642857142857144,1.0
49000,attack,10,1.3,5,9,5,3.8461538461538454,attack:4,Attack only to defend your food.,0.4,0.1,0.1,5.4,1.0,0.07567567567567567,1.0
49000,risk,10,1.3,5,9,5,4.166666666666667,risk:0,No particular temperament.,0.3,0.0,0.0,5.6,1.0,0.009868421052631578,0.7
49000,social,10,1.3,5,9,5,3.8461538461538454,social:0,No particular temperament.,0.4,0.0,0.0,4.3,1.0,0.0,0.6
49000,place,10,1.3,5,9,2,1.923076923076923,place:0,No particular temperament.,0.6,0.0,0.0,3.4,1.0,0.0,0.4
49500,eat,10,1.4,5,12,4,3.333333333333333,eat:3,Always finish eating before doing anything else.,0.4,0.0,0.0,6.4,1.0,0.045714285714285714,1.0
49500,flee,10,1.4,5,12,5,3.8461538461538454,flee:1,Run from any predator you see.,0.4,0.0,0.0,6.5,1.0,0.07927927927927929,1.0
49500,follow,10,1.4,5,12,4,3.846153846153846,follow:0,No preference.,0.3,0.0,0.0,5.0,1.0,0.032432432432432434,1.0
49500,wander,10,1.4,5,12,6,4.545454545454546,wander:1,Keep moving to new places.,0.3,0.1,0.1,5.9,0.9,0.009615384615384616,1.0
49500,rest,10,1.4,5,12,5,4.545454545454545,rest:1,Rest when you are tired.,0.3,0.0,0.0,5.1,1.0,0.038461538461538464,0.5
49500,mate,10,1.4,5,12,5,4.166666666666667,mate:2,Mate with any nearby adult.,0.3,0.1,0.1,5.8,0.9,0.05488721804511278,1.0
49500,attack,10,1.4,5,12,5,4.166666666666667,attack:0,No preference.,0.3,0.0,0.0,4.6,1.0,0.031578947368421054,1.0
49500,risk,10,1.4,5,12,5,4.166666666666667,risk:0,No particular temperament.,0.3,0.0,0.0,5.6,1.0,0.009868421052631578,0.7
49500,social,10,1.4,5,12,5,3.8461538461538454,social:3,Curious about other animals.,0.4,0.0,0.0,4.4,1.0,0.0,0.8
49500,place,10,1.4,5,12,4,3.846153846153846,place:1,Likes open ground where danger is easy to see.,0.3,0.0,0.0,5.5,1.0,0.0,0.8
50000,eat,12,0.5,2,10,4,2.7692307692307687,eat:2,Only look for food when energy is low.,0.4166666666666667,0.0,0.0,6.833333333333333,1.0,0.018115942028985504,1.0
50000,flee,12,0.5,2,10,4,3.5999999999999996,flee:0,No preference.,0.3333333333333333,0.0,0.0,5.833333333333333,1.0,0.01282051282051282,1.0
50000,follow,12,0.5,2,10,4,3.428571428571429,follow:0,No preference.,0.3333333333333333,0.0,0.0,4.583333333333333,1.0,0.00980392156862745,1.0
50000,wander,12,0.5,2,10,4,3.2727272727272725,wander:3,Stay near where you last found food.,0.4166666666666667,0.0,0.0,6.666666666666667,1.0,0.0125,1.0
50000,rest,12,0.5,2,10,4,3.2727272727272725,rest:3,Rest only when you feel safe.,0.4166666666666667,0.0,0.0,4.666666666666667,1.0,0.075,0.3333333333333333
50000,mate,12,0.5,2,10,3,2.1818181818181817,mate:1,Look for a partner when energy is high.,0.5833333333333334,0.0,0.0,7.166666666666667,1.0,0.10256410256410256,1.0
50000,attack,12,0.5,2,10,5,4.235294117647059,attack:1,Never fight.,0.3333333333333333,0.08333333333333333,0.08333333333333333,3.3333333333333335,0.9166666666666666,0.02909090909090909,1.0
50000,risk,12,0.5,2,10,4,3.2727272727272725,risk:1,Cautious: safety comes before food.,0.4166666666666667,0.0,0.0,5.0,1.0,0.0125,0.75
50000,social,12,0.5,2,10,4,3.428571428571429,social:2,Solitary: prefers to be alone.,0.3333333333333333,0.0,0.0,4.75,1.0,0.0,0.9166666666666666
50000,place,12,0.5,2,10,5,3.5999999999999996,place:2,Prefers staying near water.,0.4166666666666667,0.0,0.0,5.0,1.0,0.0,0.9166666666666666
50500,eat,11,0.9090909090909091,2,5,5,2.8139534883720936,eat:2,Only look for food when energy is low.,0.5454545454545454,0.09090909090909091,0.09090909090909091,6.636363636363637,1.0,0.1282051282051282,0.9090909090909091
50500,flee,11,0.9090909090909091,2,5,2,1.1980198019801982,flee:0,No preference.,0.9090909090909091,0.0,0.0,2.3636363636363638,1.0,0.0,1.0
50500,follow,11,0.9090909090909091,2,5,2,1.1980198019801982,follow:0,No preference.,0.9090909090909091,0.0,0.0,2.3636363636363638,1.0,0.0,1.0
50500,wander,11,0.9090909090909091,2,5,3,2.3725490196078436,wander:2,Explore when there is nothing else to do.,0.45454545454545453,0.0,0.0,7.2727272727272725,1.0,0.0,1.0
50500,rest,11,0.9090909090909091,2,5,5,4.172413793103448,rest:2,Never stop moving.,0.2727272727272727,0.2727272727272727,0.2727272727272727,5.2727272727272725,1.0,0.13043478260869565,0.36363636363636365
50500,mate,11,0.9090909090909091,2,5,3,2.3725490196078436,mate:1,Look for a partner when energy is high.,0.45454545454545453,0.0,0.0,6.909090909090909,1.0,0.1020408163265306,1.0
50500,attack,11,0.9090909090909091,2,5,4,3.1025641025641026,attack:0,No preference.,0.45454545454545453,0.0,0.0,3.4545454545454546,1.0,0.029268292682926834,1.0
50500,risk,11,0.9090909090909091,2,5,3,2.0508474576271185,risk:0,No particular temperament.,0.6363636363636364,0.0,0.0,4.636363636363637,1.0,0.0,0.36363636363636365
50500,social,11,0.9090909090909091,2,5,4,2.5744680851063833,social:1,Social: feels safer in a group.,0.5454545454545454,0.09090909090909091,0.09090909090909091,5.090909090909091,0.9090909090909091,0.0,0.8181818181818182
50500,place,11,0.9090909090909091,2,5,3,2.0508474576271185,place:2,Prefers staying near water.,0.6363636363636364,0.09090909090909091,0.09090909090909091,3.8181818181818183,1.0,0.03763440860215053,0.7
51000,eat,12,1.25,3,10,4,3.2727272727272725,eat:1,Eat whenever food is close.,0.4166666666666667,0.0,0.0,5.166666666666667,1.0,0.05,1.0
51000,flee,12,1.25,3,10,5,3.130434782608696,flee:0,No preference.,0.5,0.0,0.0,4.75,1.0,0.014965986394557824,1.0
51000,follow,12,1.25,3,10,3,2.1818181818181817,follow:0,No preference.,0.5833333333333334,0.0,0.0,4.25,1.0,0.017094017094017092,1.0
51000,wander,12,1.25,3,10,3,1.6744186046511629,wander:2,Explore when there is nothing else to do.,0.75,0.0,0.0,7.583333333333333,1.0,0.008620689655172414,1.0
51000,rest,12,1.25,3,10,4,2.6666666666666665,rest:4,Save energy by resting when food is far.,0.5,0.0,0.0,6.083333333333333,1.0,0.0,0.6666666666666666
51000,mate,12,1.25,3,10,6,2.666666666666666,mate:1,Look for a partner when energy is high.,0.5833333333333334,0.08333333333333333,0.08333333333333333,6.916666666666667,1.0,0.12000000000000001,1.0
51000,attack,12,1.25,3,10,3,2.32258064516129,attack:0,No preference.,0.5833333333333334,0.0,0.0,3.0,1.0,0.0,1.0
51000,risk,12,1.25,3,10,5,3.789473684210526,risk:0,No particular temperament.,0.3333333333333333,0.0,0.0,5.5,1.0,0.018867924528301886,0.6666666666666666
51000,social,12,1.25,3,10,4,2.0571428571428574,social:0,No particular temperament.,0.6666666666666666,0.16666666666666666,0.16666666666666666,3.75,0.8333333333333334,0.0,0.16666666666666666
51000,place,12,1.25,3,10,4,1.7142857142857142,place:2,Prefers staying near water.,0.75,0.0,0.0,4.5,1.0,0.0,1.0
51500,eat,10,1.1,4,13,5,3.8461538461538454,eat:3,Always finish eating before doing anything else.,0.4,0.0,0.0,5.8,1.0,0.014414414414414415,1.0
51500,flee,10,1.1,4,13,6,4.166666666666666,flee:4,Run away from anything that attacks you.,0.4,0.1,0.1,6.9,1.0,0.09035087719298245,1.0
51500,follow,10,1.1,4,13,3,1.851851851851852,follow:0,No preference.,0.7,0.0,0.0,3.1,1.0,0.0,1.0
51500,wander,10,1.1,4,13,5,3.8461538461538454,wander:2,Explore when there is nothing else to do.,0.4,0.0,0.0,6.3,1.0,0.006756756756756757,1.0
51500,rest,10,1.1,4,13,5,4.166666666666667,rest:1,Rest when you are tired.,0.3,0.0,0.0,5.6,1.0,0.039473684210526314,0.5
51500,mate,10,1.1,4,13,5,3.8461538461538454,mate:1,Look for a partner when energy is high.,0.4,0.0,0.0,6.2,1.0,0.04169884169884169,1.0
51500,attack,10,1.1,4,13,4,2.7777777777777777,attack:4,Attack only to defend your food.,0.5,0.0,0.0,4.5,1.0,0.026041666666666664,1.0
51500,risk,10,1.1,4,13,4,2.9411764705882346,risk:2,Bold: take risks when the reward is food.,0.4,0.0,0.0,6.4,1.0,0.015151515151515152,0.9
51500,social,10,1.1,4,13,6,5.5555555555555545,social:0,No particular temperament.,0.2,0.1,0.1,4.7,0.9,0.0,0.7
51500,place,10,1.1,4,13,4,2.941176470588235,place:2,Prefers staying near water.,0.5,0.0,0.0,4.0,1.0,0.0,0.8
52000,eat,11,0.18181818181818182,1,11,5,4.172413793103448,eat:3,Always finish eating before doing anything else.,0.36363636363636365,0.0,0.0,6.0,1.0,0.0318840579710145,1.0
52000,flee,11,0.18181818181818182,1,11,4,2.813953488372093,flee:3,Stay calm unless danger is right next to you.,0.45454545454545453,0.0,0.0,6.181818181818182,1.0,0.0,1.0
52000,follow,11,0.18181818181818182,1,11,5,3.9032258064516134,follow:3,Keep your distance from other animals.,0.36363636363636365,0.0,0.0,5.090909090909091,1.0,0.05703703703703704,1.0
52000,wander,11,0.18181818181818182,1,11,5,3.9032258064516134,wander:2,Explore when there is nothing else to do.,0.36363636363636365,0.0,0.0,5.818181818181818,1.0,0.002777777777777778,1.0
52000,rest,11,0.18181818181818182,1,11,5,3.4571428571428573,rest:0,No preference.,0.45454545454545453,0.0,0.0,4.181818181818182,1.0,0.011627906976744186,0.7272727272727273
52000,mate,11,0.18181818181818182,1,11,5,3.2702702702702706,mate:1,Look for a partner when energy is high.,0.45454545454545453,0.0,0.0,6.454545454545454,1.0,0.031292517006802724,1.0
52000,attack,11,0.18181818181818182,1,11,5,2.8139534883720936,attack:0,No preference.,0.5454545454545454,0.0,0.0,3.5454545454545454,1.0,0.01452991452991453,1.0
52000,risk,11,0.18181818181818182,1,11,5,4.481481481481482,risk:0,No particular temperament.,0.2727272727272727,0.0,0.0,5.636363636363637,1.0,0.007978723404255319,0.7272727272727273
52000,social,11,0.18181818181818182,1,11,4,3.2702702702702706,social:2,Solitary: prefers to be alone.,0.45454545454545453,0.0,0.0,4.636363636363637,1.0,0.0,0.8181818181818182
52000,place,11,0.18181818181818182,1,11,4,3.9032258064516134,place:0,No particular temperament.,0.2727272727272727,0.0,0.0,5.090909090909091,1.0,0.0,0.7272727272727273
52500,eat,12,1.1666666666666667,3,8,5,4.0,eat:3,Always finish eating before doing anything else.,0.3333333333333333,0.0,0.0,5.166666666666667,1.0,0.020370370370370372,1.0
52500,flee,12,1.1666666666666667,3,8,3,2.32258064516129,flee:2,Flee only when a predator is very close.,0.5,0.0,0.0,7.916666666666667,1.0,0.0,1.0
52500,follow,12,1.1666666666666667,3,8,4,2.3999999999999995,follow:1,Stay close to other animals.,0.5833333333333334,0.0,0.0,4.333333333333333,1.0,0.03333333333333334,1.0
52500,wander,12,1.1666666666666667,3,8,3,2.88,wander:4,Roam far when food is scarce.,0.4166666666666667,0.0,0.0,5.166666666666667,1.0,0.0,1.0
52500,rest,12,1.1666666666666667,3,8,5,3.0,rest:1,Rest when you are tired.,0.5,0.0,0.0,5.416666666666667,1.0,0.03125,0.4166666666666667
52500,mate,12,1.1666666666666667,3,8,4,1.7142857142857142,mate:1,Look for a partner when energy is high.,0.75,0.08333333333333333,0.08333333333333333,7.583333333333333,1.0,0.10666666666666667,1.0
52500,attack,12,1.1666666666666667,3,8,4,2.7692307692307687,attack:0,No preference.,0.4166666666666667,0.0,0.0,4.416666666666667,1.0,0.004347826086956522,1.0
52500,risk,12,1.1666666666666667,3,8,5,3.789473684210526,risk:0,No particular temperament.,0.3333333333333333,0.08333333333333333,0.08333333333333333,5.666666666666667,1.0,0.03773584905660377,0.6363636363636364
52500,social,12,1.1666666666666667,3,8,3,2.571428571428571,social:4,"Wary of strangers, friendly to companions.",0.5,0.0,0.0,4.833333333333333,1.0,0.0,0.8333333333333334
52500,place,12,1.1666666666666667,3,8,4,2.6666666666666665,place:3,Attached to familiar places.,0.5,0.0,0.0,4.333333333333333,1.0,0.0,0.9166666666666666
53000,eat,10,0.5,2,11,4,3.5714285714285716,eat:1,Eat whenever food is close.,0.3,0.0,0.0,5.6,1.0,0.09166666666666666,1.0
53000,flee,10,0.5,2,11,4,3.333333333333333,flee:0,No preference.,0.4,0.0,0.0,5.7,1.0,0.011428571428571429,1.0
53000,follow,10,0.5,2,11,4,3.5714285714285716,follow:0,No preference.,0.3,0.0,0.0,4.2,1.0,0.01666666666666667,1.0
53000,wander,10,0.5,2,11,4,2.941176470588235,wander:2,Explore when there is nothing else to do.,0.5,0.0,0.0,6.4,1.0,0.007575757575757576,1.0
53000,rest,10,0.5,2,11,4,3.333333333333333,rest:1,Rest when you are tired.,0.4,0.0,0.0,4.1,1.0,0.05714285714285714,0.4
53000,mate,10,0.5,2,11,3,2.272727272727273,mate:1,Look for a partner when energy is high.,0.6,0.0,0.0,7.0,1.0,0.061224489795918366,1.0
53000,attack,10,0.5,2,11,3,2.941176470588235,attack:2,Attack weaker animals when you are hungry.,0.4,0.0,0.0,5.2,1.0,0.06060606060606061,1.0
53000,risk,10,0.5,2,11,4,3.846153846153846,risk:2,Bold: take risks when the reward is food.,0.3,0.0,0.0,5.8,1.0,0.02027027027027027,0.8
53000,social,10,0.5,2,11,5,3.8461538461538454,social:3,Curious about other animals.,0.4,0.0,0.0,4.4,1.0,0.0,0.8
53000,place,10,0.5,2,11,4,3.333333333333333,place:4,Restless: always wants somewhere new.,0.4,0.0,0.0,4.9,1.0,0.0,1.0
53500,eat,11,1.0,4,12,3,1.7536231884057971,eat:2,Only look for food when energy is low.,0.7272727272727273,0.0,0.0,7.2727272727272725,1.0,0.0,1.0
53500,flee,11,1.0,4,12,4,3.1025641025641026,flee:0,No preference.,0.45454545454545453,0.0,0.0,5.0,1.0,0.029268292682926834,1.0
53500,follow,11,1.0,4,12,4,3.2702702702702706,follow:2,Follow others when you are lost or hungry.,0.36363636363636365,0.0,0.0,5.636363636363637,1.0,0.06349206349206349,1.0
53500,wander,11,1.0,4,12,5,4.172413793103448,wander:0,No preference.,0.36363636363636365,0.0,0.0,5.0,1.0,0.010869565217391304,1.0
53500,rest,11,1.0,4,12,5,4.481481481481482,rest:1,Rest when you are tired.,0.2727272727272727,0.0,0.0,4.636363636363637,1.0,0.047872340425531915,0.45454545454545453
53500,mate,11,1.0,4,12,3,2.951219512195122,mate:1,Look for a partner when energy is high.,0.36363636363636365,0.0,0.0,6.363636363636363,1.0,0.06000000000000001,1.0
53500,attack,11,1.0,4,12,4,3.666666666666667,attack:2,Attack weaker animals when you are hungry.,0.36363636363636365,0.0,0.0,5.636363636363637,1.0,0.06363636363636363,1.0
53500,risk,11,1.0,4,12,5,4.172413793103448,risk:0,No particular temperament.,0.2727272727272727,0.0,0.0,5.636363636363637,1.0,0.008152173913043478,0.7272727272727273
53500,social,11,1.0,4,12,5,3.9032258064516134,social:0,No particular temperament.,0.36363636363636365,0.0,0.0,4.545454545454546,1.0,0.0,0.6363636363636364
53500,place,11,1.0,4,12,5,3.2702702702702706,place:3,Attached to familiar places.,0.45454545454545453,0.0,0.0,5.363636363636363,1.0,0.0,0.9090909090909091
54000,eat,10,2.8,6,14,3,1.851851851851852,eat:2,Only look for food when energy is low.,0.7,0.0,0.0,6.7,1.0,0.0,1.0
54000,flee,10,2.8,6,14,5,3.8461538461538454,flee:0,No preference.,0.4,0.0,0.0,5.2,1.0,0.03063063063063063,1.0
54000,follow,10,2.8,6,14,4,3.333333333333333,follow:4,Follow the strongest animal nearby.,0.4,0.0,0.0,5.8,1.0,0.05714285714285714,1.0
54000,wander,10,2.8,6,14,3,2.941176470588235,wander:0,No preference.,0.4,0.0,0.0,4.1,1.0,0.0,1.0
54000,rest,10,2.8,6,14,6,5.0,rest:3,Rest only when you feel safe.,0.3,0.1,0.1,4.6,1.0,0.04583333333333333,0.4444444444444444
54000,mate,10,2.8,6,14,2,1.923076923076923,mate:2,Mate with any nearby adult.,0.6,0.0,0.0,5.4,1.0,0.20000000000000004,1.0
54000,attack,10,2.8,6,14,4,3.333333333333333,attack:2,Attack weaker animals when you are hungry.,0.4,0.0,0.0,6.0,1.0,0.05523809523809524,1.0
54000,risk,10,2.8,6,14,5,3.125,risk:0,No particular temperament.,0.5,0.1,0.1,4.4,1.0,0.04264705882352941,0.4444444444444444
54000,social,10,2.8,6,14,4,2.9411764705882346,social:1,Social: feels safer in a group.,0.4,0.0,0.0,5.1,1.0,0.0,0.9
54000,place,10,2.8,6,14,3,2.380952380952381,place:3,Attached to familiar places.,0.5,0.0,0.0,3.9,1.0,0.0,0.9
54500,eat,14,5.357142857142857,9,13,3,1.5555555555555558,eat:2,Only look for food when energy is low.,0.7857142857142857,0.0,0.0,7.642857142857143,1.0,0.05238095238095238,1.0
54500,flee,14,5.357142857142857,9,13,4,2.9696969696969697,flee:0,No preference.,0.42857142857142855,0.0,0.0,4.857142857142857,1.0,0.015384615384615385,1.0
54500,follow,14,5.357142857142857,9,13,4,3.2666666666666666,follow:2,Follow others when you are lost or hungry.,0.35714285714285715,0.0,0.0,6.214285714285714,1.0,0.03676470588235294,1.0
54500,wander,14,5.357142857142857,9,13,3,1.5555555555555558,wander:0,No preference.,0.7857142857142857,0.0,0.0,2.7857142857142856,1.0,0.0,1.0
54500,rest,14,5.357142857142857,9,13,3,2.8000000000000003,rest:0,No preference.,0.42857142857142855,0.0,0.0,4.714285714285714,1.0,0.0,0.6428571428571429
54500,mate,14,5.357142857142857,9,13,3,2.3333333333333335,mate:2,Mate with any nearby adult.,0.5714285714285714,0.14285714285714285,0.14285714285714285,5.285714285714286,1.0,0.14285714285714285,0.8571428571428571
54500,attack,14,5.357142857142857,9,13,2,1.9600000000000004,attack:4,Attack only to defend your food.,0.5714285714285714,0.0,0.0,6.0,1.0,0.0,1.0
54500,risk,14,5.357142857142857,9,13,2,1.1529411764705884,risk:0,No particular temperament.,0.9285714285714286,0.0,0.0,3.2142857142857144,1.0,0.0,0.07142857142857142
54500,social,14,5.357142857142857,9,13,3,2.085106382978723,social:1,Social: feels safer in a group.,0.6428571428571429,0.14285714285714285,0.14285714285714285,5.642857142857143,1.0,0.058823529411764705,0.8571428571428571
54500,place,14,5.357142857142857,9,13,4,2.6486486486486487,place:0,No particular temperament.,0.42857142857142855,0.0,0.0,3.9285714285714284,1.0,0.0,0.5714285714285714
55000,eat,10,7.9,10,14,2,1.4705882352941173,eat:2,Only look for food when energy is low.,0.8,0.0,0.0,7.8,1.0,0.0,1.0
55000,flee,10,7.9,10,14,3,2.173913043478261,flee:1,Run from any predator you see.,0.6,0.1,0.1,4.8,1.0,0.1111111111111111,1.0
55000,follow,10,7.9,10,14,5,3.125,follow:2,Follow others when you are lost or hungry.,0.5,0.1,0.1,7.2,1.0,0.055882352941176466,1.0
55000,wander,10,7.9,10,14,2,1.2195121951219512,wander:0,No preference.,0.9,0.1,0.1,2.3,0.9,0.0,1.0
55000,rest,10,7.9,10,14,4,2.7777777777777777,rest:0,No preference.,0.5,0.1,0.1,4.0,0.9,0.0234375,0.5555555555555556
55000,mate,10,7.9,10,14,4,2.380952380952381,mate:2,Mate with any nearby adult.,0.6,0.3,0.3,5.3,0.9,0.2620689655172414,0.7777777777777778
55000,attack,10,7.9,10,14,2,1.923076923076923,attack:4,Attack only to defend your food.,0.6,0.0,0.0,6.0,1.0,0.0,1.0
55000,risk,10,7.9,10,14,4,1.9230769230769234,risk:0,No particular temperament.,0.7,0.1,0.1,3.5,1.0,0.09722222222222221,0.2222222222222222
55000,social,10,7.9,10,14,4,2.7777777777777777,social:2,Solitary: prefers to be alone.,0.5,0.1,0.1,5.4,1.0,0.078125,0.9
55000,place,10,7.9,10,14,3,2.272727272727273,place:0,No particular temperament.,0.6,0.0,0.0,3.4,1.0,0.0,0.4
55500,eat,10,0.0,0,10,5,3.8461538461538454,eat:3,Always finish eating before doing anything else.,0.4,0.0,0.0,5.8,1.0,0.014414414414414415,1.0
55500,flee,10,0.0,0,10,4,3.333333333333333,flee:3,Stay calm unless danger is right next to you.,0.4,0.0,0.0,7.2,1.0,0.03428571428571429,1.0
55500,follow,10,0.0,0,10,5,4.545454545454545,follow:1,Stay close to other animals.,0.3,0.0,0.0,4.9,1.0,0.03931623931623932,1.0
55500,wander,10,0.0,0,10,4,3.5714285714285716,wander:1,Keep moving to new places.,0.3,0.0,0.0,6.4,1.0,0.010416666666666666,1.0
55500,rest,10,0.0,0,10,5,3.125,rest:4,Save energy by resting when food is far.,0.5,0.0,0.0,6.2,1.0,0.014705882352941176,0.7
55500,mate,10,0.0,0,10,4,3.571428571428571,mate:2,Mate with any nearby adult.,0.4,0.0,0.0,6.0,1.0,0.060317460317460325,1.0
55500,attack,10,0.0,0,10,4,3.5714285714285716,attack:0,No preference.,0.3,0.0,0.0,3.9,1.0,0.013888888888888888,1.0
55500,risk,10,0.0,0,10,5,4.545454545454545,risk:4,"Reckless when starving, careful when fed.",0.3,0.0,0.0,5.7,1.0,0.00641025641025641,0.8
55500,social,10,0.0,0,10,5,3.8461538461538454,social:0,No particular temperament.,0.4,0.0,0.0,4.3,1.0,0.0,0.6
55500,place,10,0.0,0,10,5,3.8461538461538454,place:0,No particular temperament.,0.4,0.0,0.0,4.2,1.0,0.0,0.6
56000,eat,11,0.36363636363636365,3,10,5,3.9032258064516134,eat:4,"Eat quickly, then move on.",0.36363636363636365,0.0,0.0,5.818181818181818,1.0,0.025185185185185185,1.0
56000,flee,11,0.36363636363636365,3,10,3,2.688888888888889,flee:0,No preference.,0.45454545454545453,0.0,0.0,5.090909090909091,1.0,0.0,1.0
56000,follow,11,0.36363636363636365,3,10,3,2.2830188679245285,follow:4,Follow the strongest animal nearby.,0.5454545454545454,0.0,0.0,5.636363636363637,1.0,0.029411764705882353,1.0
56000,wander,11,0.36363636363636365,3,10,5,3.9032258064516134,wander:1,Keep moving to new places.,0.36363636363636365,0.09090909090909091,0.09090909090909091,4.818181818181818,1.0,0.08888888888888889,0.9090909090909091
56000,rest,11,0.36363636363636365,3,10,5,4.172413793103448,rest:0,No preference.,0.2727272727272727,0.0,0.0,4.545454545454546,1.0,0.005434782608695652,0.8181818181818182
56000,mate,11,0.36363636363636365,3,10,4,3.9032258064516134,mate:0,No preference.,0.2727272727272727,0.0,0.0,4.636363636363637,1.0,0.026666666666666672,1.0
56000,attack,11,0.36363636363636365,3,10,5,3.2702702702702706,attack:1,Never fight.,0.45454545454545453,0.0,0.0,3.1818181818181817,1.0,0.02777777777777778,1.0
56000,risk,11,0.36363636363636365,3,10,5,4.172413793103448,risk:3,Nervous: any movement nearby means danger.,0.36363636363636365,0.0,0.0,5.7272727272727275,1.0,0.005434782608695652,0.8181818181818182
56000,social,11,0.36363636363636365,3,10,6,5.260869565217392,social:4,"Wary of strangers, friendly to companions.",0.2727272727272727,0.09090909090909091,0.09090909090909091,4.7272727272727275,1.0,0.04081632653061224,0.7272727272727273
56000,place,11,0.36363636363636365,3,10,5,3.9032258064516134,place:0,No particular temperament.,0.36363636363636365,0.09090909090909091,0.09090909090909091,4.636363636363637,1.0,0.06666666666666667,0.6363636363636364
56500,eat,10,1.6,4,9,4,3.846153846153846,eat:0,No preference.,0.3,0.0,0.0,4.7,1.0,0.05945945945945946,1.0
56500,flee,10,1.6,4,9,3,2.6315789473684212,flee:4,Run away from anything that attacks you.,0.5,0.0,0.0,6.6,1.0,0.0,1.0
56500,follow,10,1.6,4,9,4,2.7777777777777777,follow:3,Keep your distance from other animals.,0.5,0.0,0.0,5.8,1.0,0.046875,1.0
56500,wander,10,1.6,4,9,4,1.9230769230769234,wander:4,Roam far when food is scarce.,0.7,0.1,0.1,5.7,1.0,0.0,0.9
56500,rest,10,1.6,4,9,5,3.8461538461538454,rest:0,No preference.,0.4,0.0,0.0,4.1,1.0,0.02702702702702703,0.6
56500,mate,10,1.6,4,9,3,2.941176470588235,mate:2,Mate with any nearby adult.,0.4,0.0,0.0,4.4,1.0,0.0,1.0
56500,attack,10,1.6,4,9,4,3.333333333333333,attack:1,Never fight.,0.4,0.0,0.0,3.9,1.0,0.014285714285714285,1.0
56500,risk,10,1.6,4,9,3,2.7777777777777772,risk:0,No particular temperament.,0.4,0.0,0.0,4.6,1.0,0.0,0.6
56500,social,10,1.6,4,9,4,2.941176470588235,social:0,No particular temperament.,0.5,0.1,0.1,3.8,1.0,0.15151515151515152,0.4
56500,place,10,1.6,4,9,6,4.545454545454546,place:1,Likes open ground where danger is easy to see.,0.3,0.2,0.2,6.1,1.0,0.06153846153846155,0.8888888888888888
57000,eat,10,1.4,5,12,4,3.333333333333333,eat:1,Eat whenever food is close.,0.4,0.0,0.0,6.1,1.0,0.10285714285714286,1.0
57000,flee,10,1.4,5,12,4,2.380952380952381,flee:0,No preference.,0.6,0.0,0.0,4.5,1.0,0.0,1.0
57000,follow,10,1.4,5,12,4,2.9411764705882346,follow:0,No preference.,0.4,0.0,0.0,4.1,1.0,0.0202020202020202,1.0
57000,wander,10,1.4,5,12,5,4.166666666666667,wander:2,Explore when there is nothing else to do.,0.3,0.0,0.0,6.1,1.0,0.009868421052631578,1.0
57000,rest,10,1.4,5,12,4,3.846153846153846,rest:1,Rest when you are tired.,0.3,0.0,0.0,4.9,1.0,0.0,0.7
57000,mate,10,1.4,5,12,4,3.846153846153846,mate:0,No preference.,0.3,0.0,0.0,5.2,1.0,0.023166023166023165,1.0
57000,attack,10,1.4,5,12,5,3.571428571428571,attack:0,No preference.,0.4,0.0,0.0,3.3,1.0,0.0212962962962963,1.0
57000,risk,10,1.4,5,12,4,3.846153846153846,risk:0,No particular temperament.,0.3,0.0,0.0,5.3,1.0,0.013513513513513514,0.7
57000,social,10,1.4,5,12,5,4.166666666666667,social:0,No particular temperament.,0.3,0.1,0.1,4.1,1.0,0.07894736842105263,0.6
57000,place,10,1.4,5,12,7,5.5555555555555545,place:0,No particular temperament.,0.3,0.2,0.3,4.5,1.0,0.09268292682926829,0.6666666666666666
57061,eat,10,0.5,5,12,4,2.9411764705882346,eat:2,Only look for food when energy is low.,0.4,0.0,0.0,6.4,1.0,0.044444444444444446,1.0
57061,flee,10,0.5,5,12,3,2.6315789473684212,flee:0,No preference.,0.5,0.0,0.0,4.8,1.0,0.0,1.0
57061,follow,10,0.5,5,12,4,3.571428571428571,follow:0,No preference.,0.4,0.0,0.0,4.4,1.0,0.018518518518518517,1.0
57061,wander,10,0.5,5,12,5,4.545454545454545,wander:1,Keep moving to new places.,0.3,0.0,0.0,5.4,1.0,0.00641025641025641,1.0
57061,rest,10,0.5,5,12,4,3.333333333333333,rest:1,Rest when you are tired.,0.4,0.0,0.0,5.1,1.0,0.0,0.6
57061,mate,10,0.5,5,12,4,3.846153846153846,mate:0,No preference.,0.3,0.0,0.0,5.2,1.0,0.023166023166023165,1.0
57061,attack,10,0.5,5,12,5,3.8461538461538454,attack:0,No preference.,0.4,0.0,0.0,4.2,1.0,0.019819819819819822,1.0
57061,risk,10,0.5,5,12,4,2.7777777777777777,risk:0,No particular temperament.,0.5,0.0,0.0,4.7,1.0,0.0,0.5
57061,social,10,0.5,5,12,4,3.846153846153846,social:3,Curious about other animals.,0.3,0.0,0.0,4.6,1.0,0.0,0.8
57061,place,10,0.5,5,12,5,4.166666666666667,place:2,Prefers staying near water.,0.3,0.0,0.0,4.4,1.0,0.0,0.8
